55.16,2024-09-14 19:00:27.684609,2024-09-14T19:00:27.736531
55.16,2024-09-14 19:00:27.684609,2024-09-14T19:00:28.747357
53.1,2024-09-14 19:00:30.685959,2024-09-14T19:00:30.756798
53.1,2024-09-14 19:00:30.685959,2024-09-14T19:00:31.757943
43.85,2024-09-14 19:00:33.687044,2024-09-14T19:00:33.761155
43.85,2024-09-14 19:00:33.687044,2024-09-14T19:00:34.770334
47.33,2024-09-14 19:00:36.688580,2024-09-14T19:00:36.772339
47.33,2024-09-14 19:00:36.688580,2024-09-14T19:00:37.774367
53.31,2024-09-14 19:00:39.689775,2024-09-14T19:00:39.785008
53.31,2024-09-14 19:00:39.689775,2024-09-14T19:00:40.793952
55.78,2024-09-14 19:00:42.690807,2024-09-14T19:00:42.803564
55.78,2024-09-14 19:00:42.690807,2024-09-14T19:00:43.804943
50.96,2024-09-14 19:00:45.692054,2024-09-14T19:00:45.807921
50.96,2024-09-14 19:00:45.692054,2024-09-14T19:00:46.818540
51.44,2024-09-14 19:00:48.693232,2024-09-14T19:00:48.827919
51.44,2024-09-14 19:00:48.693232,2024-09-14T19:00:49.829340
52.66,2024-09-14 19:00:51.694144,2024-09-14T19:00:51.839234
52.66,2024-09-14 19:00:51.694144,2024-09-14T19:00:52.849573
58.58,2024-09-14 19:00:54.695323,2024-09-14T19:00:54.858788
58.58,2024-09-14 19:00:54.695323,2024-09-14T19:00:55.860244
58.58,2024-09-14 19:00:54.695323,2024-09-14T19:02:23.698775
58.58,2024-09-14 19:00:54.695323,2024-09-14T19:02:24.700751
58.58,2024-09-14 19:00:54.695323,2024-09-14T19:02:25.710016
58.58,2024-09-14 19:00:54.695323,2024-09-14T19:02:26.719757
58.58,2024-09-14 19:00:54.695323,2024-09-14T19:02:27.729168
58.58,2024-09-14 19:00:54.695323,2024-09-14T19:02:28.738967
38.27,2024-09-14 19:02:30.486425,2024-09-14T19:02:30.749034
38.27,2024-09-14 19:02:30.486425,2024-09-14T19:02:31.758171
49.23,2024-09-14 19:02:33.488029,2024-09-14T19:02:33.769219
49.23,2024-09-14 19:02:33.488029,2024-09-14T19:02:34.778854
47.02,2024-09-14 19:02:36.489205,2024-09-14T19:02:36.781523
47.02,2024-09-14 19:02:36.489205,2024-09-14T19:02:37.792599
50.65,2024-09-14 19:02:39.490881,2024-09-14T19:02:39.802836
50.65,2024-09-14 19:02:39.490881,2024-09-14T19:02:40.812804
51.65,2024-09-14 19:02:42.492889,2024-09-14T19:02:42.822537
51.65,2024-09-14 19:02:42.492889,2024-09-14T19:02:43.824439
56.14,2024-09-14 19:02:45.494689,2024-09-14T19:02:45.834707
56.14,2024-09-14 19:02:45.494689,2024-09-14T19:02:46.837051
45.71,2024-09-14 19:02:48.496412,2024-09-14T19:02:48.838653
45.71,2024-09-14 19:02:48.496412,2024-09-14T19:02:49.848018
55.58,2024-09-14 19:02:51.497430,2024-09-14T19:02:51.857468
55.58,2024-09-14 19:02:51.497430,2024-09-14T19:02:52.867219
43.73,2024-09-14 19:02:54.498391,2024-09-14T19:02:54.878765
43.73,2024-09-14 19:02:54.498391,2024-09-14T19:02:55.889064
56.83,2024-09-14 19:02:57.499645,2024-09-14T19:02:57.897973
56.83,2024-09-14 19:02:57.499645,2024-09-14T19:02:58.900197
54.59,2024-09-14 19:03:00.501416,2024-09-14T19:03:00.910044
54.59,2024-09-14 19:03:00.501416,2024-09-14T19:03:01.920233
45.94,2024-09-14 19:03:03.502760,2024-09-14T19:03:03.923235
45.94,2024-09-14 19:03:03.502760,2024-09-14T19:03:04.933269
45.95,2024-09-14 19:03:06.504373,2024-09-14T19:03:06.943302
45.95,2024-09-14 19:03:06.504373,2024-09-14T19:03:07.953609
52.59,2024-09-14 19:03:09.506284,2024-09-14T19:03:09.963803
52.59,2024-09-14 19:03:09.506284,2024-09-14T19:03:10.983281
47.46,2024-09-14 19:03:12.507939,2024-09-14T19:03:12.993656
47.46,2024-09-14 19:03:12.507939,2024-09-14T19:03:14.003166
47.12,2024-09-14 19:03:15.509282,2024-09-14T19:03:16.023680
47.12,2024-09-14 19:03:15.509282,2024-09-14T19:03:17.026293
52.46,2024-09-14 19:03:18.510869,2024-09-14T19:03:19.028801
52.46,2024-09-14 19:03:18.510869,2024-09-14T19:03:20.039835
43.55,2024-09-14 19:03:21.512483,2024-09-14T19:03:22.049293
43.55,2024-09-14 19:03:21.512483,2024-09-14T19:03:23.059884
42.03,2024-09-14 19:03:24.514822,2024-09-14T19:03:25.071033
42.03,2024-09-14 19:03:24.514822,2024-09-14T19:03:26.080225
51.22,2024-09-14 19:03:27.516740,2024-09-14T19:03:28.090055
51.22,2024-09-14 19:03:27.516740,2024-09-14T19:03:29.091791
47.31,2024-09-14 19:03:30.518585,2024-09-14T19:03:31.102456
47.31,2024-09-14 19:03:30.518585,2024-09-14T19:03:32.112686
50.19,2024-09-14 19:03:33.519789,2024-09-14T19:03:34.122052
50.19,2024-09-14 19:03:33.519789,2024-09-14T19:03:35.131784
52.72,2024-09-14 19:03:36.521758,2024-09-14T19:03:37.142910
52.72,2024-09-14 19:03:36.521758,2024-09-14T19:03:38.144410
44.21,2024-09-14 19:03:39.523276,2024-09-14T19:03:40.154545
44.21,2024-09-14 19:03:39.523276,2024-09-14T19:03:41.156613
53.67,2024-09-14 19:03:42.525479,2024-09-14T19:03:43.167611
53.67,2024-09-14 19:03:42.525479,2024-09-14T19:03:44.169387
46.44,2024-09-14 19:03:45.526928,2024-09-14T19:03:46.171723
46.44,2024-09-14 19:03:45.526928,2024-09-14T19:03:47.181723
51.7,2024-09-14 19:03:48.528231,2024-09-14T19:03:49.184637
51.7,2024-09-14 19:03:48.528231,2024-09-14T19:03:50.194334
48.43,2024-09-14 19:03:51.530160,2024-09-14T19:03:52.204767
48.43,2024-09-14 19:03:51.530160,2024-09-14T19:03:53.214476
53.06,2024-09-14 19:03:54.531893,2024-09-14T19:03:55.216573
53.06,2024-09-14 19:03:54.531893,2024-09-14T19:03:56.226152
49.09,2024-09-14 19:03:57.533119,2024-09-14T19:03:58.236843
49.09,2024-09-14 19:03:57.533119,2024-09-14T19:03:59.238885
42.6,2024-09-14 19:04:00.534313,2024-09-14T19:04:01.241235
42.6,2024-09-14 19:04:00.534313,2024-09-14T19:04:02.251576
48.09,2024-09-14 19:04:03.535804,2024-09-14T19:04:04.261832
48.09,2024-09-14 19:04:03.535804,2024-09-14T19:04:05.271345
51.02,2024-09-14 19:04:06.537762,2024-09-14T19:04:07.283177
51.02,2024-09-14 19:04:06.537762,2024-09-14T19:04:08.285045
55.52,2024-09-14 19:04:09.539860,2024-09-14T19:04:10.287988
55.52,2024-09-14 19:04:09.539860,2024-09-14T19:04:11.298209
46.41,2024-09-14 19:04:12.541023,2024-09-14T19:04:13.300360
46.41,2024-09-14 19:04:12.541023,2024-09-14T19:04:14.302142
55.8,2024-09-14 19:04:15.542518,2024-09-14T19:04:16.313475
55.8,2024-09-14 19:04:15.542518,2024-09-14T19:04:17.322677
42.58,2024-09-14 19:04:18.544532,2024-09-14T19:04:19.334293
42.58,2024-09-14 19:04:18.544532,2024-09-14T19:04:20.344041
48.61,2024-09-14 19:04:21.545973,2024-09-14T19:04:22.354113
48.61,2024-09-14 19:04:21.545973,2024-09-14T19:04:23.356167
53.36,2024-09-14 19:04:24.548222,2024-09-14T19:04:25.358921
53.36,2024-09-14 19:04:24.548222,2024-09-14T19:04:26.368866
58.46,2024-09-14 19:04:27.549747,2024-09-14T19:04:28.371324
58.46,2024-09-14 19:04:27.549747,2024-09-14T19:04:29.373639
47.83,2024-09-14 19:04:30.551778,2024-09-14T19:04:31.384925
47.83,2024-09-14 19:04:30.551778,2024-09-14T19:04:32.393530
54.71,2024-09-14 19:04:33.553526,2024-09-14T19:04:34.403544
54.71,2024-09-14 19:04:33.553526,2024-09-14T19:04:35.413095
49.43,2024-09-14 19:04:36.555113,2024-09-14T19:04:37.422574
49.43,2024-09-14 19:04:36.555113,2024-09-14T19:04:38.424575
51.2,2024-09-14 19:04:39.557056,2024-09-14T19:04:40.427089
51.2,2024-09-14 19:04:39.557056,2024-09-14T19:04:41.436934
42.91,2024-09-14 19:04:42.558918,2024-09-14T19:04:43.440006
42.91,2024-09-14 19:04:42.558918,2024-09-14T19:04:44.442029
45.73,2024-09-14 19:04:45.560339,2024-09-14T19:04:46.452124
45.73,2024-09-14 19:04:45.560339,2024-09-14T19:04:47.463578
44.84,2024-09-14 19:04:48.561566,2024-09-14T19:04:49.465621
44.84,2024-09-14 19:04:48.561566,2024-09-14T19:04:50.475871
51.23,2024-09-14 19:04:51.562914,2024-09-14T19:04:52.478830
51.23,2024-09-14 19:04:51.562914,2024-09-14T19:04:53.480902
49.41,2024-09-14 19:04:54.563770,2024-09-14T19:04:55.483639
49.41,2024-09-14 19:04:54.563770,2024-09-14T19:04:56.493750
47.42,2024-09-14 19:04:57.565322,2024-09-14T19:04:58.496826
47.42,2024-09-14 19:04:57.565322,2024-09-14T19:04:59.498619
54.13,2024-09-14 19:05:00.566470,2024-09-14T19:05:01.500250
54.13,2024-09-14 19:05:00.566470,2024-09-14T19:05:02.510538
49.3,2024-09-14 19:05:03.567677,2024-09-14T19:05:04.521417
49.3,2024-09-14 19:05:03.567677,2024-09-14T19:05:05.523212
53.95,2024-09-14 19:05:06.569248,2024-09-14T19:05:07.525391
53.95,2024-09-14 19:05:06.569248,2024-09-14T19:05:08.535480
50.91,2024-09-14 19:05:09.570837,2024-09-14T19:05:10.537612
50.91,2024-09-14 19:05:09.570837,2024-09-14T19:05:11.547400
45.88,2024-09-14 19:05:12.572362,2024-09-14T19:05:13.550715
45.88,2024-09-14 19:05:12.572362,2024-09-14T19:05:14.553105
50.68,2024-09-14 19:05:15.573958,2024-09-14T19:05:16.555975
50.68,2024-09-14 19:05:15.573958,2024-09-14T19:05:17.566920
44.68,2024-09-14 19:05:18.575448,2024-09-14T19:05:18.577463
44.68,2024-09-14 19:05:18.575448,2024-09-14T19:05:19.578756
46.46,2024-09-14 19:05:21.576755,2024-09-14T19:05:21.581357
46.46,2024-09-14 19:05:21.576755,2024-09-14T19:05:22.590409
49.36,2024-09-14 19:05:24.578779,2024-09-14T19:05:24.600753
49.36,2024-09-14 19:05:24.578779,2024-09-14T19:05:25.602851
57.79,2024-09-14 19:05:27.580589,2024-09-14T19:05:27.613164
57.79,2024-09-14 19:05:27.580589,2024-09-14T19:05:28.624247
49.32,2024-09-14 19:05:30.582189,2024-09-14T19:05:30.634302
49.32,2024-09-14 19:05:30.582189,2024-09-14T19:17:08.003165
5.51,2024-09-15 15:31:55.250434,2024-09-15T15:31:55.813173
5.51,2024-09-15 15:31:55.250434,2024-09-15T15:31:56.823797
4.12,2024-09-15 15:31:57.751757,2024-09-15T15:31:57.825683
4.12,2024-09-15 15:31:57.751757,2024-09-15T15:31:58.835465
4.25,2024-09-15 15:32:00.252987,2024-09-15T15:32:00.837995
4.25,2024-09-15 15:32:00.252987,2024-09-15T15:32:01.839400
5.0,2024-09-15 15:32:02.754816,2024-09-15T15:32:02.840903
5.0,2024-09-15 15:32:02.754816,2024-09-15T15:32:03.849838
4.71,2024-09-15 15:32:05.256571,2024-09-15T15:32:05.860526
4.71,2024-09-15 15:32:05.256571,2024-09-15T15:32:06.870181
5.49,2024-09-15 15:32:07.757769,2024-09-15T15:32:07.872441
5.49,2024-09-15 15:32:07.757769,2024-09-15T15:32:08.882172
4.48,2024-09-15 15:32:10.259412,2024-09-15T15:32:10.892513
4.48,2024-09-15 15:32:10.259412,2024-09-15T15:32:11.902657
4.5,2024-09-15 15:32:12.760869,2024-09-15T15:32:12.904630
4.5,2024-09-15 15:32:12.760869,2024-09-15T15:32:13.914018
5.14,2024-09-15 15:32:15.262261,2024-09-15T15:32:15.915563
5.14,2024-09-15 15:32:15.262261,2024-09-15T15:32:16.917711
4.2,2024-09-15 15:32:17.763496,2024-09-15T15:32:17.919921
4.2,2024-09-15 15:32:17.763496,2024-09-15T15:32:18.930558
4.73,2024-09-15 15:32:20.264631,2024-09-15T15:32:20.941162
4.73,2024-09-15 15:32:20.264631,2024-09-15T15:32:21.951157
4.82,2024-09-15 15:32:22.766127,2024-09-15T15:32:22.954031
4.82,2024-09-15 15:32:22.766127,2024-09-15T15:32:23.963728
5.55,2024-09-15 15:32:25.267783,2024-09-15T15:32:25.973133
5.55,2024-09-15 15:32:25.267783,2024-09-15T15:32:26.983976
4.32,2024-09-15 15:32:27.770266,2024-09-15T15:32:27.985763
4.32,2024-09-15 15:32:27.770266,2024-09-15T15:32:28.995485
4.84,2024-09-15 15:32:30.272017,2024-09-15T15:32:31.006520
4.84,2024-09-15 15:32:30.272017,2024-09-15T15:32:32.008358
4.53,2024-09-15 15:32:32.773751,2024-09-15T15:32:33.010650
4.53,2024-09-15 15:32:32.773751,2024-09-15T15:32:34.021237
4.64,2024-09-15 15:32:35.275303,2024-09-15T15:32:36.031705
4.64,2024-09-15 15:32:35.275303,2024-09-15T15:32:37.041300
5.46,2024-09-15 15:32:37.776552,2024-09-15T15:32:38.042679
5.46,2024-09-15 15:32:37.776552,2024-09-15T15:32:39.046550
5.47,2024-09-15 15:32:40.277918,2024-09-15T15:32:41.048959
5.47,2024-09-15 15:32:40.277918,2024-09-15T15:32:42.058728
5.22,2024-09-15 15:32:42.779453,2024-09-15T15:32:43.060765
5.22,2024-09-15 15:32:42.779453,2024-09-15T15:32:44.069319
4.43,2024-09-15 15:32:45.281123,2024-09-15T15:32:46.078795
4.43,2024-09-15 15:32:45.281123,2024-09-15T15:32:47.088931
5.03,2024-09-15 15:32:47.782500,2024-09-15T15:32:48.090751
5.03,2024-09-15 15:32:47.782500,2024-09-15T15:32:49.100485
5.25,2024-09-15 15:32:50.284357,2024-09-15T15:32:51.111218
4.7,2024-09-15 18:55:58.704609,2024-09-15T18:55:59.496762
4.49,2024-09-15 18:56:00.112537,2024-09-15T18:56:00.499517
3.98,2024-09-15 18:56:01.206967,2024-09-15T18:56:01.501176
5.08,2024-09-15 18:56:03.708066,2024-09-15T18:56:04.510937
5.67,2024-09-15 18:56:05.116111,2024-09-15T18:56:05.521892
5.11,2024-09-15 18:56:06.209355,2024-09-15T18:56:06.531573
5.88,2024-09-15 18:56:08.710868,2024-09-15T18:56:09.542295
5.12,2024-09-15 18:56:10.119646,2024-09-15T18:56:10.552558
4.46,2024-09-15 18:56:11.211901,2024-09-15T18:56:11.562217
4.33,2024-09-15 18:56:13.713996,2024-09-15T18:56:14.564943
4.96,2024-09-15 18:56:15.122936,2024-09-15T18:56:15.574152
6.01,2024-09-15 18:56:16.215781,2024-09-15T18:56:16.576045
4.98,2024-09-15 18:56:18.717304,2024-09-15T18:56:19.588140
4.57,2024-09-15 18:56:20.125167,2024-09-15T18:56:20.590292
4.46,2024-09-15 18:56:21.219270,2024-09-15T18:56:21.599741
4.81,2024-09-15 18:56:23.720907,2024-09-15T18:56:24.611325
4.78,2024-09-15 18:56:25.127914,2024-09-15T18:56:25.620834
5.39,2024-09-15 18:56:26.222264,2024-09-15T18:56:26.631377
4.73,2024-09-15 18:56:27.629368,2024-09-15T18:56:27.641407
5.17,2024-09-15 18:56:30.130717,2024-09-15T18:56:30.651606
4.81,2024-09-15 18:56:31.224650,2024-09-15T18:56:31.660424
5.33,2024-09-15 18:56:32.632535,2024-09-15T18:56:32.670472
5.51,2024-09-15 18:56:35.134143,2024-09-15T18:56:35.673583
4.3,2024-09-15 18:56:36.226786,2024-09-15T18:56:36.683690
6.06,2024-09-15 18:56:37.635300,2024-09-15T18:56:37.693900
4.62,2024-09-15 18:56:40.136845,2024-09-15T18:56:40.704151
5.24,2024-09-15 18:56:41.229476,2024-09-15T18:56:41.705714
4.41,2024-09-15 18:56:42.638385,2024-09-15T18:56:42.715467
4.65,2024-09-15 18:56:45.139762,2024-09-15T18:56:45.717384
4.68,2024-09-15 18:56:46.232275,2024-09-15T18:56:46.727110
4.73,2024-09-15 18:56:47.641258,2024-09-15T18:56:47.738498
5.82,2024-09-15 18:56:48.733783,2024-09-15T18:56:48.749307
5.36,2024-09-15 20:59:05.909089,2024-09-15T20:59:07.858449
4.68,2024-09-15 20:59:08.410784,2024-09-15T20:59:08.861427
4.68,2024-09-15 20:59:08.410784,2024-09-15T20:59:09.865166
4.96,2024-09-15 20:59:10.912747,2024-09-15T20:59:11.866962
4.96,2024-09-15 20:59:10.912747,2024-09-15T20:59:12.868642
4.26,2024-09-15 20:59:13.413852,2024-09-15T20:59:13.870807
4.26,2024-09-15 20:59:13.413852,2024-09-15T20:59:14.872535
4.55,2024-09-15 20:59:15.915317,2024-09-15T20:59:16.882151
4.55,2024-09-15 20:59:15.915317,2024-09-15T20:59:17.883864
5.21,2024-09-15 20:59:18.417151,2024-09-15T20:59:18.893889
5.21,2024-09-15 20:59:18.417151,2024-09-15T20:59:19.895996
5.09,2024-09-15 20:59:20.918585,2024-09-15T20:59:21.898308
5.09,2024-09-15 20:59:20.918585,2024-09-15T20:59:22.899753
5.47,2024-09-15 20:59:23.419303,2024-09-15T20:59:23.901263
5.47,2024-09-15 20:59:23.419303,2024-09-15T20:59:24.903856
5.06,2024-09-15 20:59:25.920586,2024-09-15T20:59:26.905697
5.06,2024-09-15 20:59:25.920586,2024-09-15T20:59:27.914804
5.32,2024-09-15 20:59:28.421981,2024-09-15T20:59:28.915696
5.32,2024-09-15 20:59:28.421981,2024-09-15T20:59:29.917253
5.0,2024-09-15 20:59:30.923814,2024-09-15T20:59:30.926001
5.0,2024-09-15 20:59:30.923814,2024-09-15T20:59:31.927427
4.9,2024-09-15 20:59:33.426249,2024-09-15T20:59:33.928483
4.9,2024-09-15 20:59:33.426249,2024-09-15T20:59:34.934888
5.12,2024-09-15 20:59:35.928415,2024-09-15T20:59:35.937162
5.12,2024-09-15 20:59:35.928415,2024-09-15T20:59:36.938738
5.82,2024-09-15 20:59:38.430716,2024-09-15T20:59:38.949254
5.82,2024-09-15 20:59:38.430716,2024-09-15T20:59:39.950883
5.46,2024-09-15 20:59:40.932357,2024-09-15T20:59:40.960994
5.46,2024-09-15 20:59:40.932357,2024-09-15T20:59:41.970371
4.98,2024-09-15 20:59:43.433488,2024-09-15T20:59:43.986445
4.98,2024-09-15 20:59:43.433488,2024-09-15T20:59:44.997419
5.66,2024-09-15 20:59:45.934795,2024-09-15T20:59:46.007745
5.66,2024-09-15 20:59:45.934795,2024-09-15T20:59:47.009281
4.99,2024-09-15 20:59:48.436548,2024-09-15T20:59:49.011504
4.99,2024-09-15 20:59:48.436548,2024-09-15T20:59:50.022433
4.61,2024-09-15 20:59:50.938616,2024-09-15T20:59:51.032836
4.61,2024-09-15 20:59:50.938616,2024-09-15T20:59:52.034589
5.27,2024-09-15 20:59:53.440152,2024-09-15T20:59:54.044269
5.27,2024-09-15 20:59:53.440152,2024-09-15T20:59:55.047578
5.32,2024-09-15 20:59:55.941414,2024-09-15T20:59:56.049173
5.32,2024-09-15 20:59:55.941414,2024-09-15T20:59:57.058207
5.16,2024-09-15 20:59:58.443294,2024-09-15T20:59:59.068022
5.16,2024-09-15 20:59:58.443294,2024-09-15T21:00:00.077712
5.34,2024-09-15 21:00:00.944804,2024-09-15T21:00:01.087150
5.34,2024-09-15 21:00:00.944804,2024-09-15T21:00:02.088484
5.13,2024-09-15 21:00:03.446497,2024-09-15T21:00:04.099359
5.13,2024-09-15 21:00:03.446497,2024-09-15T21:00:05.101091
5.45,2024-09-15 21:00:05.947898,2024-09-15T21:00:06.112005
5.45,2024-09-15 21:00:05.947898,2024-09-15T21:00:07.114229
5.11,2024-09-15 21:00:08.448677,2024-09-15T21:00:09.115581
5.11,2024-09-15 21:00:08.448677,2024-09-15T21:00:10.117333
4.59,2024-09-15 21:00:10.949988,2024-09-15T21:00:11.119792
4.59,2024-09-15 21:00:10.949988,2024-09-15T21:00:12.121490
4.63,2024-09-15 21:00:13.451715,2024-09-15T21:00:14.132457
4.63,2024-09-15 21:00:13.451715,2024-09-15T21:00:15.133429
4.91,2024-09-15 21:00:15.953410,2024-09-15T21:00:16.144337
4.91,2024-09-15 21:00:15.953410,2024-09-15T21:00:17.145451
4.59,2024-09-15 21:00:18.455055,2024-09-15T21:00:19.146764
4.59,2024-09-15 21:00:18.455055,2024-09-15T21:00:20.154333
5.14,2024-09-15 21:00:20.956415,2024-09-15T21:00:21.156018
5.14,2024-09-15 21:00:20.956415,2024-09-15T21:00:22.158550
6.07,2024-09-15 21:00:23.457816,2024-09-15T21:00:24.168379
6.07,2024-09-15 21:00:23.457816,2024-09-15T21:00:25.178144
5.36,2024-09-15 21:00:25.959117,2024-09-15T21:00:26.179995
5.36,2024-09-15 21:00:25.959117,2024-09-15T21:00:27.189490
8.89,2024-09-15 21:00:28.461728,2024-09-15T21:00:29.191775
8.89,2024-09-15 21:00:28.461728,2024-09-15T21:00:30.193862
5.72,2024-09-15 21:00:30.964181,2024-09-15T21:00:31.203644
5.72,2024-09-15 21:00:30.964181,2024-09-15T21:00:32.211867
5.41,2024-09-15 21:00:33.466283,2024-09-15T21:00:34.222699
5.41,2024-09-15 21:00:33.466283,2024-09-15T21:00:35.233017
9.07,2024-09-15 21:00:35.967632,2024-09-15T21:00:36.241978
9.07,2024-09-15 21:00:35.967632,2024-09-15T21:00:37.251557
8.71,2024-09-15 21:00:38.468877,2024-09-15T21:00:39.252851
8.71,2024-09-15 21:00:38.468877,2024-09-15T21:00:40.262612
5.97,2024-09-15 21:00:40.970342,2024-09-15T21:00:41.265543
5.97,2024-09-15 21:00:40.970342,2024-09-15T21:00:42.275850
4.8,2024-09-15 21:00:43.472246,2024-09-15T21:00:44.286460
4.8,2024-09-15 21:00:43.472246,2024-09-15T21:00:45.288422
5.6,2024-09-15 22:50:35.228392,2024-09-15T22:50:35.996949
5.6,2024-09-15 22:50:35.228392,2024-09-15T22:50:37.008005
4.69,2024-09-15 22:50:37.730236,2024-09-15T22:50:38.010228
4.69,2024-09-15 22:50:37.730236,2024-09-15T22:50:39.020856
3.98,2024-09-15 22:50:40.231745,2024-09-15T22:50:41.032829
3.98,2024-09-15 22:50:40.231745,2024-09-15T22:50:42.034834
4.95,2024-09-15 22:50:42.733883,2024-09-15T22:50:43.045394
4.95,2024-09-15 22:50:42.733883,2024-09-15T22:50:44.054791
4.7,2024-09-15 22:50:45.235319,2024-09-15T22:50:46.064999
4.7,2024-09-15 22:50:45.235319,2024-09-15T22:50:47.075533
5.45,2024-09-15 22:50:47.736683,2024-09-15T22:50:48.085039
5.45,2024-09-15 22:50:47.736683,2024-09-15T22:50:49.086764
5.59,2024-09-15 22:50:50.238265,2024-09-15T22:50:51.096695
5.59,2024-09-15 22:50:50.238265,2024-09-15T22:50:52.106737
5.26,2024-09-15 22:50:52.740118,2024-09-15T22:50:53.116872
5.26,2024-09-15 22:50:52.740118,2024-09-15T22:50:54.126034
5.11,2024-09-15 22:50:55.241412,2024-09-15T22:50:56.137317
5.11,2024-09-15 22:50:55.241412,2024-09-15T22:50:57.139614
5.35,2024-09-15 22:50:57.742619,2024-09-15T22:50:58.140894
5.35,2024-09-15 22:50:57.742619,2024-09-15T22:50:59.151682
4.84,2024-09-15 22:51:00.243692,2024-09-15T22:51:01.161659
4.84,2024-09-15 22:51:00.243692,2024-09-15T22:51:02.171477
4.96,2024-09-15 22:51:02.745424,2024-09-15T22:51:03.181900
4.96,2024-09-15 22:51:02.745424,2024-09-15T22:51:04.192162
4.18,2024-09-15 22:51:05.247041,2024-09-15T22:51:06.193979
4.18,2024-09-15 22:51:05.247041,2024-09-15T22:51:07.196050
4.79,2024-09-15 22:51:07.748813,2024-09-15T22:51:08.205369
4.79,2024-09-15 22:51:07.748813,2024-09-15T22:51:09.215552
4.99,2024-09-15 22:51:10.249979,2024-09-15T22:51:11.226788
4.99,2024-09-15 22:51:10.249979,2024-09-15T22:51:12.237115
5.33,2024-09-15 22:51:12.751224,2024-09-15T22:51:13.246947
5.33,2024-09-15 22:51:12.751224,2024-09-15T22:51:14.265777
4.97,2024-09-15 22:51:15.263210,2024-09-15T22:51:15.275518
4.97,2024-09-15 22:51:15.263210,2024-09-15T22:51:16.277264
5.18,2024-09-15 22:51:17.769784,2024-09-15T22:51:18.279892
5.18,2024-09-15 22:51:17.769784,2024-09-15T22:51:19.289543
5.47,2024-09-15 22:51:20.271843,2024-09-15T22:51:20.291324
5.47,2024-09-15 22:51:20.271843,2024-09-15T22:51:21.293094
5.31,2024-09-15 22:51:22.773005,2024-09-15T22:51:23.295691
5.31,2024-09-15 22:51:22.773005,2024-09-15T22:51:24.297760
4.29,2024-09-15 22:51:25.274405,2024-09-15T22:51:25.306605
4.29,2024-09-15 22:51:25.274405,2024-09-15T22:51:26.308658
5.0,2024-09-15 22:51:27.775342,2024-09-15T22:51:28.319094
5.0,2024-09-15 22:51:27.775342,2024-09-15T22:51:29.328438
3.9,2024-09-15 22:51:30.276700,2024-09-15T22:51:30.337538
3.9,2024-09-15 22:51:30.276700,2024-09-15T22:51:31.346743
4.54,2024-09-15 22:51:32.778257,2024-09-15T22:51:33.358040
4.54,2024-09-15 22:51:32.778257,2024-09-15T22:51:34.367990
4.59,2024-09-15 22:51:35.279973,2024-09-15T22:51:35.377751
4.59,2024-09-15 22:51:35.279973,2024-09-15T22:51:36.387724
6.43,2024-09-15 22:51:37.781285,2024-09-15T22:51:38.399183
6.43,2024-09-15 22:51:37.781285,2024-09-15T22:51:39.401074
4.8,2024-09-15 22:51:40.283171,2024-09-15T22:51:40.410995
4.8,2024-09-15 22:51:40.283171,2024-09-15T22:51:41.413315
5.44,2024-09-15 22:51:42.784975,2024-09-15T22:51:43.424939
5.44,2024-09-15 22:51:42.784975,2024-09-15T22:51:44.435657
3.88,2024-09-15 22:51:45.286683,2024-09-15T22:51:45.445555
3.88,2024-09-15 22:51:45.286683,2024-09-15T22:51:46.455334
4.59,2024-09-15 22:51:47.788104,2024-09-15T22:51:48.457144
4.59,2024-09-15 22:51:47.788104,2024-09-15T22:51:49.467333
4.88,2024-09-15 22:51:50.290152,2024-09-15T22:51:50.477675
4.88,2024-09-15 22:51:50.290152,2024-09-15T22:51:51.488898
5.11,2024-09-15 22:51:52.800683,2024-09-15T22:51:53.500432
5.11,2024-09-15 22:51:52.800683,2024-09-15T22:51:54.511261
4.33,2024-09-15 22:51:55.317678,2024-09-15T22:51:55.521942
4.33,2024-09-15 22:51:55.317678,2024-09-15T22:51:56.531748
5.14,2024-09-15 22:51:57.825908,2024-09-15T22:51:58.541771
5.14,2024-09-15 22:51:57.825908,2024-09-15T22:51:59.553032
4.66,2024-09-15 22:52:00.326978,2024-09-15T22:52:00.563617
4.66,2024-09-15 22:52:00.326978,2024-09-15T22:52:01.574131
5.1,2024-09-15 22:52:02.828387,2024-09-15T22:52:03.576498
5.1,2024-09-15 22:52:02.828387,2024-09-15T22:52:04.586416
4.93,2024-09-15 22:52:05.329432,2024-09-15T22:52:05.596588
4.93,2024-09-15 22:52:05.329432,2024-09-15T22:52:06.600257
4.42,2024-09-15 22:52:07.831018,2024-09-15T22:52:08.612090
4.42,2024-09-15 22:52:07.831018,2024-09-15T22:52:09.622993
5.12,2024-09-15 22:52:10.332690,2024-09-15T22:52:10.624900
5.12,2024-09-15 22:52:10.332690,2024-09-15T22:52:11.634646
4.8,2024-09-15 22:52:12.834171,2024-09-15T22:52:13.645074
4.8,2024-09-15 22:52:12.834171,2024-09-15T22:52:14.655709
5.21,2024-09-15 22:52:15.335339,2024-09-15T22:52:15.665462
5.21,2024-09-15 22:52:15.335339,2024-09-15T22:52:16.675602
4.88,2024-09-15 22:52:17.836556,2024-09-15T22:52:18.685289
4.88,2024-09-15 22:52:17.836556,2024-09-15T22:52:19.695600
4.97,2024-09-15 22:52:20.338463,2024-09-15T22:52:20.705770
4.97,2024-09-15 22:52:20.338463,2024-09-15T22:52:21.714276
5.27,2024-09-15 22:52:22.839658,2024-09-15T22:52:23.724203
5.27,2024-09-15 22:52:22.839658,2024-09-15T22:52:24.733846
4.59,2024-09-15 22:52:25.341084,2024-09-15T22:52:25.735470
4.59,2024-09-15 22:52:25.341084,2024-09-15T22:52:26.744934
5.4,2024-09-15 22:52:27.842404,2024-09-15T22:52:28.755142
5.4,2024-09-15 22:52:27.842404,2024-09-15T22:52:29.757541
4.3,2024-09-15 22:52:30.344248,2024-09-15T22:52:30.768793
4.3,2024-09-15 22:52:30.344248,2024-09-15T22:52:31.778413
4.63,2024-09-15 22:52:32.846285,2024-09-15T22:52:33.788424
4.63,2024-09-15 22:52:32.846285,2024-09-15T22:52:34.798791
4.69,2024-09-15 22:52:35.348152,2024-09-15T22:52:35.827731
4.69,2024-09-15 22:52:35.348152,2024-09-15T22:52:36.829352
4.62,2024-09-15 22:52:37.850006,2024-09-15T22:52:38.839741
4.62,2024-09-15 22:52:37.850006,2024-09-15T22:52:39.841419
4.44,2024-09-15 22:52:40.350975,2024-09-15T22:52:40.850766
4.44,2024-09-15 22:52:40.350975,2024-09-15T22:52:41.852216
5.22,2024-09-15 22:52:42.852416,2024-09-15T22:52:42.861522
5.22,2024-09-15 22:52:42.852416,2024-09-15T22:52:43.872377
5.98,2024-09-15 22:52:45.353827,2024-09-15T22:52:45.875193
5.98,2024-09-15 22:52:45.353827,2024-09-15T22:52:46.877175
4.63,2024-09-15 22:52:47.855459,2024-09-15T22:52:47.879126
4.63,2024-09-15 22:52:47.855459,2024-09-15T22:52:48.880901
4.77,2024-09-15 22:52:50.356889,2024-09-15T22:52:50.892004
4.77,2024-09-15 22:52:50.356889,2024-09-15T22:52:51.893509
5.46,2024-09-15 22:52:52.858423,2024-09-15T22:52:52.895313
5.46,2024-09-15 22:52:52.858423,2024-09-15T22:52:53.906431
4.85,2024-09-15 22:52:55.359957,2024-09-15T22:52:55.917760
4.85,2024-09-15 22:52:55.359957,2024-09-15T22:52:56.919517
4.77,2024-09-15 22:52:57.861626,2024-09-15T22:52:57.921509
4.77,2024-09-15 22:52:57.861626,2024-09-15T22:52:58.923247
4.91,2024-09-15 22:53:00.363411,2024-09-15T22:53:00.925240
4.91,2024-09-15 22:53:00.363411,2024-09-15T22:53:01.926886
5.26,2024-09-15 22:53:02.865133,2024-09-15T22:53:02.929461
5.26,2024-09-15 22:53:02.865133,2024-09-15T22:53:03.931441
4.15,2024-09-15 22:53:05.366430,2024-09-15T22:53:05.933364
4.15,2024-09-15 22:53:05.366430,2024-09-15T22:53:06.934979
4.79,2024-09-15 22:53:07.867986,2024-09-15T22:53:07.936815
4.79,2024-09-15 22:53:07.867986,2024-09-15T22:53:08.938689
4.26,2024-09-15 22:53:10.369015,2024-09-15T22:53:10.941298
4.26,2024-09-15 22:53:10.369015,2024-09-15T22:53:11.943660
5.92,2024-09-15 22:53:12.870445,2024-09-15T22:53:12.953777
5.92,2024-09-15 22:53:12.870445,2024-09-15T22:53:13.955745
4.76,2024-09-15 22:53:15.371661,2024-09-15T22:53:15.958396
4.76,2024-09-15 22:53:15.371661,2024-09-15T22:53:16.959949
4.48,2024-09-15 22:53:17.873592,2024-09-15T22:53:17.961604
4.48,2024-09-15 22:53:17.873592,2024-09-15T22:53:18.972006
4.59,2024-09-15 22:53:20.375421,2024-09-15T22:53:20.973582
4.59,2024-09-15 22:53:20.375421,2024-09-15T22:53:21.975291
5.28,2024-09-15 22:53:22.876921,2024-09-15T22:53:22.977220
5.28,2024-09-15 22:53:22.876921,2024-09-15T22:53:23.978568
4.66,2024-09-15 22:53:25.378759,2024-09-15T22:53:25.989174
4.66,2024-09-15 22:53:25.378759,2024-09-15T22:53:26.990826
4.35,2024-09-15 22:53:27.879886,2024-09-15T22:53:28.001479
4.35,2024-09-15 22:53:27.879886,2024-09-15T22:53:29.002716
5.79,2024-09-15 22:53:30.381067,2024-09-15T22:53:31.004742
5.79,2024-09-15 22:53:30.381067,2024-09-15T22:53:32.006238
5.29,2024-09-15 22:53:32.883134,2024-09-15T22:53:33.007588
5.29,2024-09-15 22:53:32.883134,2024-09-15T22:53:34.017516
4.05,2024-09-15 22:53:35.384409,2024-09-15T22:53:36.019044
4.05,2024-09-15 22:53:35.384409,2024-09-15T22:53:37.020497
5.31,2024-09-15 22:53:37.886296,2024-09-15T22:53:38.022264
5.31,2024-09-15 22:53:37.886296,2024-09-15T22:53:39.023745
4.42,2024-09-15 22:53:40.388592,2024-09-15T22:53:41.025673
5.41,2024-09-17 00:25:01.410932,2024-09-17T00:25:02.318565
5.41,2024-09-17 00:25:01.410932,2024-09-17T00:25:03.328801
6.81,2024-09-17 00:25:05.912549,2024-09-17T00:25:06.331679
6.81,2024-09-17 00:25:05.912549,2024-09-17T00:25:07.341394
8.13,2024-09-17 00:25:08.413940,2024-09-17T00:25:09.343187
8.13,2024-09-17 00:25:08.413940,2024-09-17T00:25:10.353046
5.15,2024-09-17 00:25:10.915864,2024-09-17T00:25:11.362526
5.15,2024-09-17 00:25:10.915864,2024-09-17T00:25:12.373917
4.67,2024-09-17 00:25:13.417284,2024-09-17T00:25:14.385059
4.67,2024-09-17 00:25:13.417284,2024-09-17T00:25:15.394405
5.31,2024-09-17 00:25:15.918877,2024-09-17T00:25:16.403871
5.31,2024-09-17 00:25:15.918877,2024-09-17T00:25:17.414315
4.91,2024-09-17 00:25:18.436518,2024-09-17T00:25:19.423881
4.91,2024-09-17 00:25:18.436518,2024-09-17T00:25:20.434640
4.19,2024-09-17 00:25:20.937263,2024-09-17T00:25:21.445344
4.19,2024-09-17 00:25:20.937263,2024-09-17T00:25:22.455935
6.0,2024-09-17 00:25:23.440768,2024-09-17T00:25:23.458324
6.0,2024-09-17 00:25:23.440768,2024-09-17T00:25:24.468746
5.53,2024-09-17 00:25:25.941852,2024-09-17T00:25:26.478669
5.53,2024-09-17 00:25:25.941852,2024-09-17T00:25:27.480818
4.42,2024-09-17 00:25:28.443757,2024-09-17T00:25:28.491185
4.42,2024-09-17 00:25:28.443757,2024-09-17T00:25:29.500954
4.5,2024-09-17 00:25:30.945078,2024-09-17T00:25:31.511632
4.5,2024-09-17 00:25:30.945078,2024-09-17T00:25:32.521678
5.32,2024-09-17 00:25:33.446873,2024-09-17T00:25:33.532641
5.32,2024-09-17 00:25:33.446873,2024-09-17T00:25:34.543162
3.78,2024-09-17 00:25:35.948026,2024-09-17T00:25:36.554421
3.78,2024-09-17 00:25:35.948026,2024-09-17T00:25:37.563907
4.24,2024-09-17 00:25:38.449690,2024-09-17T00:25:38.574001
4.24,2024-09-17 00:25:38.449690,2024-09-17T00:25:39.583234
5.62,2024-09-17 00:38:32.578224,2024-09-17T00:38:33.016103
5.62,2024-09-17 00:38:32.578224,2024-09-17T00:38:34.026304
4.58,2024-09-17 00:38:35.079880,2024-09-17T00:38:36.037317
4.58,2024-09-17 00:38:35.079880,2024-09-17T00:38:37.046840
5.12,2024-09-17 00:38:37.581381,2024-09-17T00:38:38.057870
5.12,2024-09-17 00:38:37.581381,2024-09-17T00:38:39.067986
4.79,2024-09-17 00:38:40.083010,2024-09-17T00:38:41.069733
4.79,2024-09-17 00:38:40.083010,2024-09-17T00:38:42.079652
5.11,2024-09-17 00:45:09.069518,2024-09-17T00:45:09.368174
5.11,2024-09-17 00:45:09.069518,2024-09-17T00:45:10.370537
5.33,2024-09-17 00:45:11.570821,2024-09-17T00:45:12.380916
5.33,2024-09-17 00:45:11.570821,2024-09-17T00:45:13.390668
5.1,2024-09-17 00:45:14.072284,2024-09-17T00:45:14.400221
5.1,2024-09-17 00:45:14.072284,2024-09-17T00:45:15.402096
4.81,2024-09-17 00:45:16.573334,2024-09-17T00:45:17.412476
4.81,2024-09-17 00:45:16.573334,2024-09-17T00:45:18.422448
5.36,2024-09-17 00:45:19.075292,2024-09-17T00:45:19.424564
5.36,2024-09-17 00:45:19.075292,2024-09-17T00:45:20.426612
4.22,2024-09-17 00:45:21.576651,2024-09-17T00:45:22.438008
4.22,2024-09-17 00:45:21.576651,2024-09-17T00:45:23.439675
4.97,2024-09-17 00:45:24.078257,2024-09-17T00:45:24.450055
4.97,2024-09-17 00:45:24.078257,2024-09-17T00:45:25.451625
4.28,2024-09-17 00:45:26.579654,2024-09-17T00:45:27.463299
4.28,2024-09-17 00:45:26.579654,2024-09-17T00:45:28.473644
4.17,2024-09-17 00:45:29.081661,2024-09-17T00:45:29.483801
4.17,2024-09-17 00:45:29.081661,2024-09-17T00:45:30.493644
5.17,2024-09-17 00:45:31.582873,2024-09-17T00:45:32.502904
5.17,2024-09-17 00:45:31.582873,2024-09-17T00:45:33.512657
4.77,2024-09-17 00:45:34.084418,2024-09-17T00:45:34.515850
4.77,2024-09-17 00:45:34.084418,2024-09-17T00:45:35.525526
4.63,2024-09-17 00:45:36.585639,2024-09-17T00:45:37.536535
4.63,2024-09-17 00:45:36.585639,2024-09-17T00:45:38.538889
4.63,2024-09-17 00:45:39.087571,2024-09-17T00:45:39.549299
4.63,2024-09-17 00:45:39.087571,2024-09-17T00:45:40.559542
5.8,2024-09-17 00:45:41.589458,2024-09-17T00:45:42.570066
5.8,2024-09-17 00:45:41.589458,2024-09-17T00:45:43.579157
5.17,2024-09-17 00:45:44.090820,2024-09-17T00:45:44.589708
5.17,2024-09-17 00:45:44.090820,2024-09-17T00:45:45.600466
5.05,2024-09-17 00:45:46.592543,2024-09-17T00:45:46.603054
5.05,2024-09-17 00:45:46.592543,2024-09-17T00:45:47.611850
4.72,2024-09-17 01:27:11.266675,2024-09-17T01:27:12.096428
4.72,2024-09-17 01:27:11.266675,2024-09-17T01:27:13.102073
5.32,2024-09-17 01:27:13.769185,2024-09-17T01:27:14.113201
5.32,2024-09-17 01:27:13.769185,2024-09-17T01:27:15.117005
3.69,2024-09-17 01:27:16.271777,2024-09-17T01:27:17.129714
3.69,2024-09-17 01:27:16.271777,2024-09-17T01:27:18.140511
6.24,2024-09-17 01:27:18.774349,2024-09-17T01:27:19.151361
6.24,2024-09-17 01:27:18.774349,2024-09-17T01:27:20.162532
5.04,2024-09-17 01:27:21.277030,2024-09-17T01:27:22.166667
5.04,2024-09-17 01:27:21.277030,2024-09-17T01:27:23.178813
4.94,2024-09-17 01:27:23.779787,2024-09-17T01:27:24.182104
4.94,2024-09-17 01:27:23.779787,2024-09-17T01:27:25.185609
5.32,2024-09-17 01:27:26.282504,2024-09-17T01:27:27.198105
5.32,2024-09-17 01:27:26.282504,2024-09-17T01:27:28.209356
4.52,2024-09-17 01:27:28.784964,2024-09-17T01:27:29.220967
4.52,2024-09-17 01:27:28.784964,2024-09-17T01:27:30.233495
5.4,2024-09-17 01:27:31.287724,2024-09-17T01:27:32.246289
5.4,2024-09-17 01:27:31.287724,2024-09-17T01:27:33.257379
5.3,2024-09-17 01:27:33.790438,2024-09-17T01:27:34.269110
5.3,2024-09-17 01:27:33.790438,2024-09-17T01:27:35.281367
4.64,2024-09-17 01:27:36.293332,2024-09-17T01:27:37.286326
4.64,2024-09-17 01:27:36.293332,2024-09-17T01:27:38.290397
4.58,2024-09-17 01:27:38.795318,2024-09-17T01:27:39.302338
4.58,2024-09-17 01:27:38.795318,2024-09-17T01:27:40.305432
3.89,2024-09-17 01:27:41.298014,2024-09-17T01:27:41.317123
3.89,2024-09-17 01:27:41.298014,2024-09-17T01:27:42.328704
6.72,2024-09-17 01:27:43.801527,2024-09-17T01:27:44.342590
6.72,2024-09-17 01:27:43.801527,2024-09-17T01:27:45.346338
8.36,2024-09-17 01:27:46.304169,2024-09-17T01:27:46.357526
8.36,2024-09-17 01:27:46.304169,2024-09-17T01:27:47.369694
6.12,2024-09-17 01:27:48.807061,2024-09-17T01:27:49.382297
6.12,2024-09-17 01:27:48.807061,2024-09-17T01:27:50.385846
7.51,2024-09-17 01:27:51.309961,2024-09-17T01:27:51.397569
7.51,2024-09-17 01:27:51.309961,2024-09-17T01:27:52.409449
6.97,2024-09-17 01:27:53.812893,2024-09-17T01:27:54.422743
6.97,2024-09-17 01:27:53.812893,2024-09-17T01:27:55.426438
6.88,2024-09-17 01:27:56.315615,2024-09-17T01:27:56.439264
6.88,2024-09-17 01:27:56.315615,2024-09-17T01:27:57.450604
8.65,2024-09-17 01:27:58.818172,2024-09-17T01:27:59.462677
8.65,2024-09-17 01:27:58.818172,2024-09-17T01:28:00.473853
9.5,2024-09-17 01:28:01.320960,2024-09-17T01:28:01.484916
9.5,2024-09-17 01:28:01.320960,2024-09-17T01:28:02.496365
5.92,2024-09-17 01:28:03.823962,2024-09-17T01:28:04.501309
5.92,2024-09-17 01:28:03.823962,2024-09-17T01:28:05.513355
6.42,2024-09-17 01:28:06.326893,2024-09-17T01:28:06.517210
6.42,2024-09-17 01:28:06.326893,2024-09-17T01:28:07.521281
6.04,2024-09-17 01:28:08.830003,2024-09-17T01:28:09.534582
6.04,2024-09-17 01:28:08.830003,2024-09-17T01:28:10.545070
8.09,2024-09-17 01:28:11.331612,2024-09-17T01:28:11.556743
8.09,2024-09-17 01:28:11.331612,2024-09-17T01:28:12.569077
7.56,2024-09-17 01:28:13.834702,2024-09-17T01:28:14.582340
7.56,2024-09-17 01:28:13.834702,2024-09-17T01:28:15.595396
5.96,2024-09-17 01:28:16.338382,2024-09-17T01:28:16.599056
5.96,2024-09-17 01:28:16.338382,2024-09-17T01:28:17.611513
7.53,2024-09-17 01:28:18.841074,2024-09-17T01:28:19.618226
7.53,2024-09-17 01:28:18.841074,2024-09-17T01:28:20.623223
6.0,2024-09-17 01:28:21.344213,2024-09-17T01:28:21.635203
6.0,2024-09-17 01:28:21.344213,2024-09-17T01:28:22.638853
7.24,2024-09-17 01:28:23.847752,2024-09-17T01:28:24.650917
7.24,2024-09-17 01:28:23.847752,2024-09-17T01:28:25.654779
7.79,2024-09-17 01:28:26.350436,2024-09-17T01:28:26.658723
7.79,2024-09-17 01:28:26.350436,2024-09-17T01:28:27.664008
4.81,2024-09-17 01:30:14.528155,2024-09-17T01:30:15.264662
4.81,2024-09-17 01:30:14.528155,2024-09-17T01:30:16.269173
4.99,2024-09-17 01:30:17.030562,2024-09-17T01:30:17.273104
4.99,2024-09-17 01:30:17.030562,2024-09-17T01:30:18.276641
4.54,2024-09-17 01:30:19.533153,2024-09-17T01:30:20.289660
4.54,2024-09-17 01:30:19.533153,2024-09-17T01:30:21.300816
5.17,2024-09-17 01:30:22.035598,2024-09-17T01:30:22.312859
5.17,2024-09-17 01:30:22.035598,2024-09-17T01:30:23.325521
5.68,2024-09-17 01:30:24.538039,2024-09-17T01:30:25.338166
5.68,2024-09-17 01:30:24.538039,2024-09-17T01:30:26.349521
5.16,2024-09-17 01:30:27.040739,2024-09-17T01:30:27.360829
5.16,2024-09-17 01:30:27.040739,2024-09-17T01:30:28.372769
5.22,2024-09-17 01:30:29.543382,2024-09-17T01:30:30.377546
5.22,2024-09-17 01:30:29.543382,2024-09-17T01:30:31.390152
5.48,2024-09-17 01:30:32.046045,2024-09-17T01:30:32.394022
5.48,2024-09-17 01:30:32.046045,2024-09-17T01:30:33.397744
5.05,2024-09-17 01:30:34.548236,2024-09-17T01:30:35.410153
5.05,2024-09-17 01:30:34.548236,2024-09-17T01:30:36.421239
5.45,2024-09-17 01:30:37.050340,2024-09-17T01:30:37.432478
5.45,2024-09-17 01:30:37.050340,2024-09-17T01:30:38.444441
5.95,2024-09-17 01:30:39.552688,2024-09-17T01:30:40.455614
5.95,2024-09-17 01:30:39.552688,2024-09-17T01:30:41.466961
4.72,2024-09-17 01:30:42.053797,2024-09-17T01:30:42.478335
4.72,2024-09-17 01:30:42.053797,2024-09-17T01:30:43.490506
4.09,2024-09-17 01:30:44.556265,2024-09-17T01:30:45.503538
4.09,2024-09-17 01:30:44.556265,2024-09-17T01:30:46.507412
5.35,2024-09-17 01:30:47.058350,2024-09-17T01:30:47.519347
5.35,2024-09-17 01:30:47.058350,2024-09-17T01:30:48.523023
5.51,2024-09-17 01:30:49.560556,2024-09-17T01:30:50.536262
5.51,2024-09-17 01:30:49.560556,2024-09-17T01:30:51.547451
5.53,2024-09-17 01:30:52.063013,2024-09-17T01:30:52.551859
5.53,2024-09-17 01:30:52.063013,2024-09-17T01:30:53.563380
5.53,2024-09-17 01:30:54.565719,2024-09-17T01:30:54.574859
5.53,2024-09-17 01:30:54.565719,2024-09-17T01:30:55.587634
5.04,2024-09-17 01:30:57.068341,2024-09-17T01:30:57.592442
5.04,2024-09-17 01:30:57.068341,2024-09-17T01:30:58.604322
5.45,2024-09-17 01:30:59.570813,2024-09-17T01:30:59.615661
5.45,2024-09-17 01:30:59.570813,2024-09-17T01:31:00.620024
6.02,2024-09-17 01:31:02.073275,2024-09-17T01:31:02.630334
6.02,2024-09-17 01:31:02.073275,2024-09-17T01:31:03.642173
4.76,2024-09-17 01:31:04.575675,2024-09-17T01:31:04.654073
4.76,2024-09-17 01:31:04.575675,2024-09-17T01:31:05.677998
4.14,2024-09-17 01:31:07.077750,2024-09-17T01:31:07.682563
4.14,2024-09-17 01:31:07.077750,2024-09-17T01:31:08.694153
4.84,2024-09-17 01:31:09.579960,2024-09-17T01:31:09.704309
4.84,2024-09-17 01:31:09.579960,2024-09-17T01:31:10.707867
4.63,2024-09-17 01:31:12.081076,2024-09-17T01:31:12.712597
4.63,2024-09-17 01:31:12.081076,2024-09-17T01:31:13.717184
5.48,2024-09-17 01:31:14.583859,2024-09-17T01:31:14.728579
5.48,2024-09-17 01:31:14.583859,2024-09-17T01:31:15.732665
4.7,2024-09-17 01:31:17.086368,2024-09-17T01:31:17.743060
4.7,2024-09-17 01:31:17.086368,2024-09-17T01:31:18.747262
4.62,2024-09-17 01:31:19.588653,2024-09-17T01:31:19.750996
4.62,2024-09-17 01:31:19.588653,2024-09-17T01:31:20.763180
5.17,2024-09-17 01:31:22.091353,2024-09-17T01:31:22.768212
5.17,2024-09-17 01:31:22.091353,2024-09-17T01:31:23.779921
5.21,2024-09-17 01:31:24.593704,2024-09-17T01:31:24.784383
5.21,2024-09-17 01:31:24.593704,2024-09-17T01:31:25.794127
4.45,2024-09-17 01:31:27.096067,2024-09-17T01:31:27.799423
4.45,2024-09-17 01:31:27.096067,2024-09-17T01:31:28.811364
5.37,2024-09-17 01:31:29.599205,2024-09-17T01:31:29.823619
5.37,2024-09-17 01:31:29.599205,2024-09-17T01:31:30.834854
4.74,2024-09-17 01:31:32.101839,2024-09-17T01:31:32.839020
4.74,2024-09-17 01:31:32.101839,2024-09-17T01:31:33.850662
5.35,2024-09-17 01:31:34.604209,2024-09-17T01:31:34.854020
5.35,2024-09-17 01:31:34.604209,2024-09-17T01:31:35.862641
5.44,2024-09-17 01:31:37.106508,2024-09-17T01:31:37.867591
