50.52, 2024-09-13T17:21:04.368145,2024-09-13T17:21:04.833199
50.17, 2024-09-13T17:28:28.609496,2024-09-13T17:29:46.509758
53.87,2024-09-13 17:39:55.459519,2024-09-13T17:39:56.760353
52.29,2024-09-13 17:40:46.486675,2024-09-13T17:40:48.372282
55.42,2024-09-13 17:41:43.517657,2024-09-13T17:41:43.820718
55.42,2024-09-13 17:41:43.517657,2024-09-13T17:41:44.830307
56.17,2024-09-13 17:41:46.519542,2024-09-13T17:41:46.842100
56.17,2024-09-13 17:41:46.519542,2024-09-13T17:41:47.853050
59.09,2024-09-13 17:41:49.521163,2024-09-13T17:41:49.863222
59.09,2024-09-13 17:41:49.521163,2024-09-13T17:41:50.872582
51.03,2024-09-13 17:41:52.522466,2024-09-13T17:41:52.883717
51.03,2024-09-13 17:41:52.522466,2024-09-13T17:41:53.885700
43.84,2024-09-13 17:41:55.523885,2024-09-13T17:41:55.897149
43.84,2024-09-13 17:41:55.523885,2024-09-13T17:41:56.899505
43.53,2024-09-13 17:41:58.525674,2024-09-13T17:41:58.909984
43.53,2024-09-13 17:41:58.525674,2024-09-13T17:41:59.911918
48.49,2024-09-13 17:42:01.526877,2024-09-13T17:42:01.923233
48.49,2024-09-13 17:42:01.526877,2024-09-13T17:42:02.932797
46.39,2024-09-13 17:42:04.528621,2024-09-13T17:42:04.935097
46.39,2024-09-13 17:42:04.528621,2024-09-13T17:42:05.937982
53.11,2024-09-13 17:42:07.530532,2024-09-13T17:42:07.940431
53.11,2024-09-13 17:42:07.530532,2024-09-13T17:42:08.949588
55.46,2024-09-13 17:42:10.531974,2024-09-13T17:42:10.960056
55.46,2024-09-13 17:42:10.531974,2024-09-13T17:42:11.971413
54.55,2024-09-13 17:42:13.534075,2024-09-13T17:42:13.982560
54.55,2024-09-13 17:42:13.534075,2024-09-13T17:42:14.985226
51.51,2024-09-13 17:42:16.535734,2024-09-13T17:42:16.995874
51.51,2024-09-13 17:42:16.535734,2024-09-13T17:42:17.998223
51.76,2024-09-13 17:42:19.537121,2024-09-13T17:42:20.000736
51.76,2024-09-13 17:42:19.537121,2024-09-13T17:42:21.011679
44.01,2024-09-13 17:42:22.538661,2024-09-13T17:42:23.021848
44.01,2024-09-13 17:42:22.538661,2024-09-13T17:42:24.031418
49.86,2024-09-13 17:42:25.540951,2024-09-13T17:42:26.040981
49.86,2024-09-13 17:42:25.540951,2024-09-13T17:42:27.043300
44.39,2024-09-13 17:42:28.542876,2024-09-13T17:42:29.053280
44.39,2024-09-13 17:42:28.542876,2024-09-13T17:42:30.055373
50.4,2024-09-13 17:42:31.544997,2024-09-13T17:42:32.065296
50.4,2024-09-13 17:42:31.544997,2024-09-13T17:42:33.074858
48.93,2024-09-13 17:42:34.547639,2024-09-13T17:42:35.077287
48.93,2024-09-13 17:42:34.547639,2024-09-13T17:42:36.088062
40.11,2024-09-13 17:42:37.549974,2024-09-13T17:42:38.090116
40.11,2024-09-13 17:42:37.549974,2024-09-13T17:42:39.100074
40.64,2024-09-13 17:42:40.552059,2024-09-13T17:42:41.110878
40.64,2024-09-13 17:42:40.552059,2024-09-13T17:42:42.121645
44.19,2024-09-13 17:42:43.554530,2024-09-13T17:42:44.131991
44.19,2024-09-13 17:42:43.554530,2024-09-13T17:42:45.141745
54.67,2024-09-13 17:42:46.556104,2024-09-13T17:42:47.151948
54.67,2024-09-13 17:42:46.556104,2024-09-13T17:42:48.162347
52.61,2024-09-13 17:42:49.558532,2024-09-13T17:42:50.173070
52.61,2024-09-13 17:42:49.558532,2024-09-13T17:42:51.182184
52.66,2024-09-13 17:42:52.559737,2024-09-13T17:42:53.192868
52.66,2024-09-13 17:42:52.559737,2024-09-13T17:42:54.195456
47.19,2024-09-13 17:42:55.561226,2024-09-13T17:42:56.206698
47.19,2024-09-13 17:42:55.561226,2024-09-13T17:42:57.209097
48.67,2024-09-13 17:42:58.562859,2024-09-13T17:42:59.211959
48.67,2024-09-13 17:42:58.562859,2024-09-13T17:43:00.222708
52.69,2024-09-13 17:43:01.563774,2024-09-13T17:43:02.224783
52.69,2024-09-13 17:43:01.563774,2024-09-13T17:43:03.235585
53.16,2024-09-13 17:43:04.564903,2024-09-13T17:43:05.246167
53.16,2024-09-13 17:43:04.564903,2024-09-13T17:43:06.248633
41.52,2024-09-13 17:43:07.566719,2024-09-13T17:43:08.251521
41.52,2024-09-13 17:43:07.566719,2024-09-13T17:43:09.262108
52.02,2024-09-13 17:43:10.568246,2024-09-13T17:43:11.272629
52.02,2024-09-13 17:43:10.568246,2024-09-13T17:43:12.274517
52.65,2024-09-13 17:43:13.570186,2024-09-13T17:43:14.282292
52.65,2024-09-13 17:43:13.570186,2024-09-13T17:43:15.293362
50.53,2024-09-13 17:43:16.571988,2024-09-13T17:43:17.296364
50.53,2024-09-13 17:43:16.571988,2024-09-13T17:43:18.306384
44.01,2024-09-13 17:43:19.573363,2024-09-13T17:43:20.316909
44.01,2024-09-13 17:43:19.573363,2024-09-13T17:43:21.326605
54.91,2024-09-13 17:43:22.574891,2024-09-13T17:43:23.336969
54.91,2024-09-13 17:43:22.574891,2024-09-13T17:43:24.347293
45.62,2024-09-13 17:43:25.576795,2024-09-13T17:43:26.357733
45.62,2024-09-13 17:43:25.576795,2024-09-13T17:43:27.367483
52.61,2024-09-13 17:43:28.579013,2024-09-13T17:43:29.377854
52.61,2024-09-13 17:43:28.579013,2024-09-13T17:43:30.387972
43.17,2024-09-13 17:43:31.580935,2024-09-13T17:43:32.390740
43.17,2024-09-13 17:43:31.580935,2024-09-13T17:43:33.400981
42.41,2024-09-13 17:43:34.582230,2024-09-13T17:43:35.411442
42.41,2024-09-13 17:43:34.582230,2024-09-13T17:43:36.422803
48.17,2024-09-13 17:43:37.584368,2024-09-13T17:43:38.434164
48.17,2024-09-13 17:43:37.584368,2024-09-13T17:43:39.444282
57.4,2024-09-13 17:43:40.586505,2024-09-13T17:43:41.454770
57.4,2024-09-13 17:43:40.586505,2024-09-13T17:43:42.464466
57.42,2024-09-13 17:43:43.588997,2024-09-13T17:43:44.474681
57.42,2024-09-13 17:43:43.588997,2024-09-13T17:43:45.485839
57.84,2024-09-13 17:43:46.590876,2024-09-13T17:43:47.497647
57.84,2024-09-13 17:43:46.590876,2024-09-13T17:43:48.508885
50.66,2024-09-13 17:43:49.592966,2024-09-13T17:43:50.521879
50.66,2024-09-13 17:43:49.592966,2024-09-13T17:43:51.531034
53.47,2024-09-13 17:43:52.595010,2024-09-13T17:43:53.541546
53.47,2024-09-13 17:43:52.595010,2024-09-13T17:43:54.543499
49.94,2024-09-13 17:43:55.596871,2024-09-13T17:43:56.554820
49.94,2024-09-13 17:43:55.596871,2024-09-13T17:43:57.566117
47.27,2024-09-13 17:43:58.599158,2024-09-13T17:43:59.568928
47.27,2024-09-13 17:43:58.599158,2024-09-13T17:44:00.578640
51.93,2024-09-13 17:44:01.600906,2024-09-13T17:44:02.589218
51.93,2024-09-13 17:44:01.600906,2024-09-13T17:44:03.598788
50.81,2024-09-13 17:44:04.602424,2024-09-13T17:44:04.608242
50.81,2024-09-13 17:44:04.602424,2024-09-13T17:44:05.617160
48.59,2024-09-13 17:44:07.604278,2024-09-13T17:44:07.626953
48.59,2024-09-13 17:44:07.604278,2024-09-13T17:44:08.629082
65.05,2024-09-13 17:44:10.606620,2024-09-13T17:44:10.639616
65.05,2024-09-13 17:44:10.606620,2024-09-13T17:44:11.650368
48.03,2024-09-13 17:44:13.608423,2024-09-13T17:44:13.660159
48.03,2024-09-13 17:44:13.608423,2024-09-13T17:44:14.670247
58.73,2024-09-13 17:44:16.610134,2024-09-13T17:44:16.681675
58.73,2024-09-13 17:44:16.610134,2024-09-13T17:44:17.684280
54.79,2024-09-13 17:44:19.611935,2024-09-13T17:44:19.695025
54.79,2024-09-13 17:44:19.611935,2024-09-13T17:44:20.704533
47.95,2024-09-13 17:44:22.614057,2024-09-13T17:44:22.706912
47.95,2024-09-13 17:44:22.614057,2024-09-13T17:44:23.715714
59.82,2024-09-13 17:44:25.616246,2024-09-13T17:44:25.726878
59.82,2024-09-13 17:44:25.616246,2024-09-13T17:44:26.736907
47.56,2024-09-13 17:44:28.618307,2024-09-13T17:44:28.749779
47.56,2024-09-13 17:44:28.618307,2024-09-13T17:44:29.752200
48.95,2024-09-13 17:44:31.620484,2024-09-13T17:44:31.763278
48.95,2024-09-13 17:44:31.620484,2024-09-13T17:44:32.773342
56.07,2024-09-13 17:44:34.623081,2024-09-13T17:44:34.783707
56.07,2024-09-13 17:44:34.623081,2024-09-13T17:44:35.794239
51.62,2024-09-13 17:44:37.624885,2024-09-13T17:44:37.798707
51.62,2024-09-13 17:44:37.624885,2024-09-13T17:44:38.809356
49.38,2024-09-13 17:44:40.627078,2024-09-13T17:44:40.819238
49.38,2024-09-13 17:44:40.627078,2024-09-13T17:44:41.829228
50.52,2024-09-13 17:44:43.628792,2024-09-13T17:44:43.840133
50.52,2024-09-13 17:44:43.628792,2024-09-13T17:44:44.849577
47.95,2024-09-13 17:44:46.630115,2024-09-13T17:44:46.851420
47.95,2024-09-13 17:44:46.630115,2024-09-13T17:44:47.853565
43.5,2024-09-13 17:44:49.631949,2024-09-13T17:44:49.864847
43.5,2024-09-13 17:44:49.631949,2024-09-13T17:44:50.874305
54.41,2024-09-13 17:44:52.634279,2024-09-13T17:44:52.884555
54.41,2024-09-13 17:44:52.634279,2024-09-13T17:44:53.893753
54.26,2024-09-13 17:44:55.636507,2024-09-13T17:44:55.904696
54.26,2024-09-13 17:44:55.636507,2024-09-13T17:44:56.914791
49.66,2024-09-13 17:44:58.639117,2024-09-13T17:44:58.925507
49.66,2024-09-13 17:44:58.639117,2024-09-13T17:44:59.927539
49.33,2024-09-13 17:45:01.640874,2024-09-13T17:45:01.930429
49.33,2024-09-13 17:45:01.640874,2024-09-13T17:45:02.941594
49.6,2024-09-13 17:45:04.643041,2024-09-13T17:45:04.943746
49.6,2024-09-13 17:45:04.643041,2024-09-13T17:45:05.955119
57.98,2024-09-13 17:45:07.644357,2024-09-13T17:45:07.966223
57.98,2024-09-13 17:45:07.644357,2024-09-13T17:45:08.977484
51.94,2024-09-13 17:45:10.646094,2024-09-13T17:45:10.989078
51.94,2024-09-13 17:45:10.646094,2024-09-13T17:45:11.999338
52.92,2024-09-13 17:45:13.648027,2024-09-13T17:45:14.009551
52.92,2024-09-13 17:45:13.648027,2024-09-13T17:45:15.019429
45.47,2024-09-13 17:45:16.649732,2024-09-13T17:45:17.031210
45.47,2024-09-13 17:45:16.649732,2024-09-13T17:45:18.041476
50.61,2024-09-13 17:45:19.651424,2024-09-13T17:45:20.044146
50.61,2024-09-13 17:45:19.651424,2024-09-13T17:45:21.054213
55.48,2024-09-13 17:45:22.652947,2024-09-13T17:45:23.065143
55.48,2024-09-13 17:45:22.652947,2024-09-13T17:45:24.074978
50.54,2024-09-13 17:45:25.654767,2024-09-13T17:45:26.077965
50.54,2024-09-13 17:45:25.654767,2024-09-13T17:45:27.079945
55.07,2024-09-13 17:45:28.656655,2024-09-13T17:45:29.090551
55.07,2024-09-13 17:45:28.656655,2024-09-13T17:45:30.092861
60.81,2024-09-13 17:45:31.658131,2024-09-13T17:45:32.095488
60.81,2024-09-13 17:45:31.658131,2024-09-13T17:45:33.097877
47.15,2024-09-13 17:45:34.660213,2024-09-13T17:45:35.109272
47.15,2024-09-13 17:45:34.660213,2024-09-13T17:45:36.111403
54.09,2024-09-13 17:45:37.661934,2024-09-13T17:45:38.123803
54.09,2024-09-13 17:45:37.661934,2024-09-13T17:45:39.134372
59.71,2024-09-13 17:45:40.664057,2024-09-13T17:45:41.145135
59.71,2024-09-13 17:45:40.664057,2024-09-13T17:45:42.147851
44.59,2024-09-13 17:45:43.665930,2024-09-13T17:45:44.159621
44.59,2024-09-13 17:45:43.665930,2024-09-13T17:45:45.170369
55.53,2024-09-13 17:45:46.667460,2024-09-13T17:45:47.172315
55.53,2024-09-13 17:45:46.667460,2024-09-13T17:45:48.182575
54.7,2024-09-14 15:12:40.376482,2024-09-14T15:12:42.141735
45.13,2024-09-14 15:12:43.378382,2024-09-14T15:12:44.155015
45.13,2024-09-14 15:12:43.378382,2024-09-14T15:12:45.157189
62.3,2024-09-14 16:26:15.382729,2024-09-14T16:26:16.568962
81.34,2024-09-14 16:26:18.384596,2024-09-14T16:26:18.581778
81.34,2024-09-14 16:26:18.384596,2024-09-14T16:26:19.592709
61.13,2024-09-14 16:26:21.386021,2024-09-14T16:26:21.604813
61.13,2024-09-14 16:26:21.386021,2024-09-14T16:26:22.614995
54.94,2024-09-14 16:26:24.387727,2024-09-14T16:26:24.626768
54.94,2024-09-14 16:26:24.387727,2024-09-14T16:26:25.636154
65.53,2024-09-14 16:26:27.389607,2024-09-14T16:26:27.638738
65.53,2024-09-14 16:26:27.389607,2024-09-14T16:26:28.640741
82.44,2024-09-14 16:26:30.391624,2024-09-14T16:26:30.644207
82.44,2024-09-14 16:26:30.391624,2024-09-14T16:26:31.646276
73.85,2024-09-14 16:26:33.393779,2024-09-14T16:26:33.648580
73.85,2024-09-14 16:26:33.393779,2024-09-14T16:26:34.659634
60.46,2024-09-14 16:26:36.395739,2024-09-14T16:26:36.670939
60.46,2024-09-14 16:26:36.395739,2024-09-14T16:26:37.681616
74.31,2024-09-14 16:26:39.397445,2024-09-14T16:26:39.693168
74.31,2024-09-14 16:26:39.397445,2024-09-14T16:26:40.703339
48.78,2024-09-14 16:26:42.398398,2024-09-14T16:26:42.706680
48.78,2024-09-14 16:26:42.398398,2024-09-14T16:26:43.715559
84.12,2024-09-14 16:26:45.400219,2024-09-14T16:26:45.726648
84.12,2024-09-14 16:26:45.400219,2024-09-14T16:26:46.728592
57.72,2024-09-14 16:26:48.402687,2024-09-14T16:26:48.730837
57.72,2024-09-14 16:26:48.402687,2024-09-14T16:26:49.740149
57.83,2024-09-14 19:00:24.682893,2024-09-14T19:00:24.856523
57.83,2024-09-14 19:00:24.682893,2024-09-14T19:00:25.858728
55.16,2024-09-14 19:00:27.684609,2024-09-14T19:00:27.869303
55.16,2024-09-14 19:00:27.684609,2024-09-14T19:00:28.870988
53.1,2024-09-14 19:00:30.685959,2024-09-14T19:00:30.873944
53.1,2024-09-14 19:00:30.685959,2024-09-14T19:00:31.876024
43.85,2024-09-14 19:00:33.687044,2024-09-14T19:00:33.877663
43.85,2024-09-14 19:00:33.687044,2024-09-14T19:00:34.879928
47.33,2024-09-14 19:00:36.688580,2024-09-14T19:00:36.882751
47.33,2024-09-14 19:00:36.688580,2024-09-14T19:00:37.884959
53.31,2024-09-14 19:00:39.689775,2024-09-14T19:00:39.887131
53.31,2024-09-14 19:00:39.689775,2024-09-14T19:00:40.888690
55.78,2024-09-14 19:00:42.690807,2024-09-14T19:00:42.891073
55.78,2024-09-14 19:00:42.690807,2024-09-14T19:00:43.892886
50.96,2024-09-14 19:00:45.692054,2024-09-14T19:00:45.894993
50.96,2024-09-14 19:00:45.692054,2024-09-14T19:00:46.896992
51.44,2024-09-14 19:00:48.693232,2024-09-14T19:00:48.899053
51.44,2024-09-14 19:00:48.693232,2024-09-14T19:00:49.900780
52.66,2024-09-14 19:00:51.694144,2024-09-14T19:00:51.902829
52.66,2024-09-14 19:00:51.694144,2024-09-14T19:00:52.904160
58.58,2024-09-14 19:00:54.695323,2024-09-14T19:00:54.905816
58.58,2024-09-14 19:00:54.695323,2024-09-14T19:00:55.906918
49.23,2024-09-14 19:02:33.488029,2024-09-14T19:02:34.067889
49.23,2024-09-14 19:02:33.488029,2024-09-14T19:02:35.078825
47.02,2024-09-14 19:02:36.489205,2024-09-14T19:02:37.081429
47.02,2024-09-14 19:02:36.489205,2024-09-14T19:02:38.091690
50.65,2024-09-14 19:02:39.490881,2024-09-14T19:02:40.102204
50.65,2024-09-14 19:02:39.490881,2024-09-14T19:02:41.104246
51.65,2024-09-14 19:02:42.492889,2024-09-14T19:02:43.114520
51.65,2024-09-14 19:02:42.492889,2024-09-14T19:02:44.123835
56.14,2024-09-14 19:02:45.494689,2024-09-14T19:02:46.126217
56.14,2024-09-14 19:02:45.494689,2024-09-14T19:02:47.136094
45.71,2024-09-14 19:02:48.496412,2024-09-14T19:02:49.138885
45.71,2024-09-14 19:02:48.496412,2024-09-14T19:02:50.148949
55.58,2024-09-14 19:02:51.497430,2024-09-14T19:02:52.159577
55.58,2024-09-14 19:02:51.497430,2024-09-14T19:02:53.169130
43.73,2024-09-14 19:02:54.498391,2024-09-14T19:02:55.179632
43.73,2024-09-14 19:02:54.498391,2024-09-14T19:02:56.181547
56.83,2024-09-14 19:02:57.499645,2024-09-14T19:02:58.183524
56.83,2024-09-14 19:02:57.499645,2024-09-14T19:02:59.194311
54.59,2024-09-14 19:03:00.501416,2024-09-14T19:03:01.196628
54.59,2024-09-14 19:03:00.501416,2024-09-14T19:03:02.205966
45.94,2024-09-14 19:03:03.502760,2024-09-14T19:03:04.209190
45.94,2024-09-14 19:03:03.502760,2024-09-14T19:03:05.219257
45.95,2024-09-14 19:03:06.504373,2024-09-14T19:03:07.229778
45.95,2024-09-14 19:03:06.504373,2024-09-14T19:03:08.231566
52.59,2024-09-14 19:03:09.506284,2024-09-14T19:03:10.233770
52.59,2024-09-14 19:03:09.506284,2024-09-14T19:03:11.243603
47.46,2024-09-14 19:03:12.507939,2024-09-14T19:03:13.253450
47.46,2024-09-14 19:03:12.507939,2024-09-14T19:03:14.255729
47.12,2024-09-14 19:03:15.509282,2024-09-14T19:03:16.257898
47.12,2024-09-14 19:03:15.509282,2024-09-14T19:03:17.268442
52.46,2024-09-14 19:03:18.510869,2024-09-14T19:03:19.278505
52.46,2024-09-14 19:03:18.510869,2024-09-14T19:03:20.289358
43.55,2024-09-14 19:03:21.512483,2024-09-14T19:03:22.299823
43.55,2024-09-14 19:03:21.512483,2024-09-14T19:03:23.301367
42.03,2024-09-14 19:03:24.514822,2024-09-14T19:03:25.311109
42.03,2024-09-14 19:03:24.514822,2024-09-14T19:03:26.313203
51.22,2024-09-14 19:03:27.516740,2024-09-14T19:03:28.324329
51.22,2024-09-14 19:03:27.516740,2024-09-14T19:03:29.334186
47.31,2024-09-14 19:03:30.518585,2024-09-14T19:03:31.344619
47.31,2024-09-14 19:03:30.518585,2024-09-14T19:03:32.355233
50.19,2024-09-14 19:03:33.519789,2024-09-14T19:03:34.365487
50.19,2024-09-14 19:03:33.519789,2024-09-14T19:03:35.374545
52.72,2024-09-14 19:03:36.521758,2024-09-14T19:03:37.376452
52.72,2024-09-14 19:03:36.521758,2024-09-14T19:03:38.378035
44.21,2024-09-14 19:03:39.523276,2024-09-14T19:03:40.387829
44.21,2024-09-14 19:03:39.523276,2024-09-14T19:03:41.398422
53.67,2024-09-14 19:03:42.525479,2024-09-14T19:03:43.400346
53.67,2024-09-14 19:03:42.525479,2024-09-14T19:03:44.410732
46.44,2024-09-14 19:03:45.526928,2024-09-14T19:03:46.420947
46.44,2024-09-14 19:03:45.526928,2024-09-14T19:03:47.430552
51.7,2024-09-14 19:03:48.528231,2024-09-14T19:03:49.440318
51.7,2024-09-14 19:03:48.528231,2024-09-14T19:03:50.450389
48.43,2024-09-14 19:03:51.530160,2024-09-14T19:03:52.461169
48.43,2024-09-14 19:03:51.530160,2024-09-14T19:03:53.463509
53.06,2024-09-14 19:03:54.531893,2024-09-14T19:03:55.474330
53.06,2024-09-14 19:03:54.531893,2024-09-14T19:03:56.484458
49.09,2024-09-14 19:03:57.533119,2024-09-14T19:03:58.487706
49.09,2024-09-14 19:03:57.533119,2024-09-14T19:03:59.498088
42.6,2024-09-14 19:04:00.534313,2024-09-14T19:04:01.507941
42.6,2024-09-14 19:04:00.534313,2024-09-14T19:04:02.518296
48.09,2024-09-14 19:04:03.535804,2024-09-14T19:04:04.528825
51.02,2024-09-14 19:04:06.537762,2024-09-14T19:04:06.538280
51.02,2024-09-14 19:04:06.537762,2024-09-14T19:04:07.549069
55.52,2024-09-14 19:04:09.539860,2024-09-14T19:04:09.551383
55.52,2024-09-14 19:04:09.539860,2024-09-14T19:04:10.561671
46.41,2024-09-14 19:04:12.541023,2024-09-14T19:04:12.571295
46.41,2024-09-14 19:04:12.541023,2024-09-14T19:04:13.581005
55.8,2024-09-14 19:04:15.542518,2024-09-14T19:04:15.591539
55.8,2024-09-14 19:04:15.542518,2024-09-14T19:04:16.593193
42.58,2024-09-14 19:04:18.544532,2024-09-14T19:04:18.605217
42.58,2024-09-14 19:04:18.544532,2024-09-14T19:04:19.607304
48.61,2024-09-14 19:04:21.545973,2024-09-14T19:04:21.610216
48.61,2024-09-14 19:04:21.545973,2024-09-14T19:04:22.620170
53.36,2024-09-14 19:04:24.548222,2024-09-14T19:04:24.630699
53.36,2024-09-14 19:04:24.548222,2024-09-14T19:04:25.639883
58.46,2024-09-14 19:04:27.549747,2024-09-14T19:04:27.650620
58.46,2024-09-14 19:04:27.549747,2024-09-14T19:04:28.661020
47.83,2024-09-14 19:04:30.551778,2024-09-14T19:04:30.671954
47.83,2024-09-14 19:04:30.551778,2024-09-14T19:04:31.682493
54.71,2024-09-14 19:04:33.553526,2024-09-14T19:04:33.693681
54.71,2024-09-14 19:04:33.553526,2024-09-14T19:04:34.703994
49.43,2024-09-14 19:04:36.555113,2024-09-14T19:04:36.706780
49.43,2024-09-14 19:04:36.555113,2024-09-14T19:04:37.716397
51.2,2024-09-14 19:04:39.557056,2024-09-14T19:04:39.726352
51.2,2024-09-14 19:04:39.557056,2024-09-14T19:04:40.736378
42.91,2024-09-14 19:04:42.558918,2024-09-14T19:04:42.747532
42.91,2024-09-14 19:04:42.558918,2024-09-14T19:04:43.749308
45.73,2024-09-14 19:04:45.560339,2024-09-14T19:04:45.760666
45.73,2024-09-14 19:04:45.560339,2024-09-14T19:04:46.770209
44.84,2024-09-14 19:04:48.561566,2024-09-14T19:04:48.780583
44.84,2024-09-14 19:04:48.561566,2024-09-14T19:04:49.789533
51.23,2024-09-14 19:04:51.562914,2024-09-14T19:04:51.799517
51.23,2024-09-14 19:04:51.562914,2024-09-14T19:04:52.801240
49.41,2024-09-14 19:04:54.563770,2024-09-14T19:04:54.811664
49.41,2024-09-14 19:04:54.563770,2024-09-14T19:04:55.821477
47.42,2024-09-14 19:04:57.565322,2024-09-14T19:04:57.831656
47.42,2024-09-14 19:04:57.565322,2024-09-14T19:04:58.832972
54.13,2024-09-14 19:05:00.566470,2024-09-14T19:05:00.844025
54.13,2024-09-14 19:05:00.566470,2024-09-14T19:05:01.853961
49.3,2024-09-14 19:05:03.567677,2024-09-14T19:05:03.856949
49.3,2024-09-14 19:05:03.567677,2024-09-14T19:05:04.866810
53.95,2024-09-14 19:05:06.569248,2024-09-14T19:05:06.878260
53.95,2024-09-14 19:05:06.569248,2024-09-14T19:05:07.888618
50.91,2024-09-14 19:05:09.570837,2024-09-14T19:05:09.898938
50.91,2024-09-14 19:05:09.570837,2024-09-14T19:05:10.918034
45.88,2024-09-14 19:05:12.572362,2024-09-14T19:05:12.928262
45.88,2024-09-14 19:05:12.572362,2024-09-14T19:05:13.938523
50.68,2024-09-14 19:05:15.573958,2024-09-14T19:05:15.949112
50.68,2024-09-14 19:05:15.573958,2024-09-14T19:05:16.950757
44.68,2024-09-14 19:05:18.575448,2024-09-14T19:05:18.952672
44.68,2024-09-14 19:05:18.575448,2024-09-14T19:05:19.963788
46.46,2024-09-14 19:05:21.576755,2024-09-14T19:05:21.974150
46.46,2024-09-14 19:05:21.576755,2024-09-14T19:05:22.983855
49.36,2024-09-14 19:05:24.578779,2024-09-14T19:05:24.993901
49.36,2024-09-14 19:05:24.578779,2024-09-14T19:05:25.995550
57.79,2024-09-14 19:05:27.580589,2024-09-14T19:05:28.006089
57.79,2024-09-14 19:05:27.580589,2024-09-14T19:05:29.015545
49.32,2024-09-14 19:05:30.582189,2024-09-15T15:27:33.735345
49.32,2024-09-14 19:05:30.582189,2024-09-15T15:27:34.741523
49.32,2024-09-14 19:05:30.582189,2024-09-15T15:27:35.750369
49.32,2024-09-14 19:05:30.582189,2024-09-15T15:27:36.760515
49.32,2024-09-14 19:05:30.582189,2024-09-15T15:27:37.762116
49.32,2024-09-14 19:05:30.582189,2024-09-15T15:27:38.764126
49.32,2024-09-14 19:05:30.582189,2024-09-15T15:27:39.773471
49.32,2024-09-14 19:05:30.582189,2024-09-15T15:27:40.775551
49.32,2024-09-14 19:05:30.582189,2024-09-15T15:27:41.785246
49.32,2024-09-14 19:05:30.582189,2024-09-15T15:27:42.795991
49.32,2024-09-14 19:05:30.582189,2024-09-15T15:27:43.805968
49.32,2024-09-14 19:05:30.582189,2024-09-15T15:27:44.816208
49.32,2024-09-14 19:05:30.582189,2024-09-15T15:27:45.827121
49.32,2024-09-14 19:05:30.582189,2024-09-15T15:27:46.836727
49.32,2024-09-14 19:05:30.582189,2024-09-15T15:27:47.846615
49.32,2024-09-14 19:05:30.582189,2024-09-15T15:27:48.856865
49.32,2024-09-14 19:05:30.582189,2024-09-15T15:27:49.866259
49.32,2024-09-14 19:05:30.582189,2024-09-15T15:27:50.868203
49.32,2024-09-14 19:05:30.582189,2024-09-15T15:27:51.877452
49.32,2024-09-14 19:05:30.582189,2024-09-15T15:27:52.887796
49.32,2024-09-14 19:05:30.582189,2024-09-15T15:27:53.890466
49.32,2024-09-14 19:05:30.582189,2024-09-15T15:27:54.900372
49.32,2024-09-14 19:05:30.582189,2024-09-15T15:27:55.910010
49.32,2024-09-14 19:05:30.582189,2024-09-15T15:27:56.919650
49.32,2024-09-14 19:05:30.582189,2024-09-15T15:27:57.921858
49.32,2024-09-14 19:05:30.582189,2024-09-15T15:27:58.932377
49.32,2024-09-14 19:05:30.582189,2024-09-15T15:27:59.942481
49.32,2024-09-14 19:05:30.582189,2024-09-15T15:28:00.953001
49.32,2024-09-14 19:05:30.582189,2024-09-15T15:28:01.954649
49.32,2024-09-14 19:05:30.582189,2024-09-15T15:28:02.965441
52.54,2024-09-15 15:31:33.031778,2024-09-15T15:31:33.856501
52.54,2024-09-15 15:31:33.031778,2024-09-15T15:31:34.866723
48.94,2024-09-15 15:31:36.033427,2024-09-15T15:31:36.877169
48.94,2024-09-15 15:31:36.033427,2024-09-15T15:31:37.879124
49.81,2024-09-15 15:31:39.035710,2024-09-15T15:31:39.889032
49.81,2024-09-15 15:31:39.035710,2024-09-15T15:31:40.899755
52.67,2024-09-15 15:31:42.037525,2024-09-15T15:31:42.910482
52.67,2024-09-15 15:31:42.037525,2024-09-15T15:31:43.912940
52.95,2024-09-15 15:31:45.039279,2024-09-15T15:31:45.923712
52.95,2024-09-15 15:31:45.039279,2024-09-15T15:31:46.925918
78.26,2024-09-15 15:31:48.040343,2024-09-15T15:31:48.928864
78.26,2024-09-15 15:31:48.040343,2024-09-15T15:31:49.930362
64.46,2024-09-15 15:31:51.041840,2024-09-15T15:31:51.938878
64.46,2024-09-15 15:31:51.041840,2024-09-15T15:31:52.940640
64.74,2024-09-15 15:31:54.043412,2024-09-15T15:31:54.950939
64.74,2024-09-15 15:31:54.043412,2024-09-15T15:31:55.959915
79.91,2024-09-15 15:31:57.044665,2024-09-15T15:31:57.964719
79.91,2024-09-15 15:31:57.044665,2024-09-15T15:31:58.966908
77.53,2024-09-15 15:32:00.046118,2024-09-15T15:32:00.969760
77.53,2024-09-15 15:32:00.046118,2024-09-15T15:32:01.971615
80.14,2024-09-15 15:32:03.047516,2024-09-15T15:32:03.974396
80.14,2024-09-15 15:32:03.047516,2024-09-15T15:32:04.976410
78.76,2024-09-15 15:32:06.048965,2024-09-15T15:32:06.978473
78.76,2024-09-15 15:32:06.048965,2024-09-15T15:32:07.980490
61.57,2024-09-15 15:32:09.050839,2024-09-15T15:32:09.982961
61.57,2024-09-15 15:32:09.050839,2024-09-15T15:32:10.993073
82.34,2024-09-15 15:32:12.052383,2024-09-15T15:32:12.995832
82.34,2024-09-15 15:32:12.052383,2024-09-15T15:32:13.998347
68.27,2024-09-15 15:32:15.054131,2024-09-15T15:32:16.000394
68.27,2024-09-15 15:32:15.054131,2024-09-15T15:32:17.002493
70.36,2024-09-15 15:32:18.055497,2024-09-15T15:32:19.005183
70.36,2024-09-15 15:32:18.055497,2024-09-15T15:32:20.007192
66.69,2024-09-15 15:32:21.057533,2024-09-15T15:32:22.009647
66.69,2024-09-15 15:32:21.057533,2024-09-15T15:32:23.010943
75.76,2024-09-15 15:32:24.058241,2024-09-15T15:32:25.013138
75.76,2024-09-15 15:32:24.058241,2024-09-15T15:32:26.022692
75.42,2024-09-15 15:32:27.059909,2024-09-15T15:32:28.024832
75.42,2024-09-15 15:32:27.059909,2024-09-15T15:32:29.026637
66.15,2024-09-15 15:32:30.061545,2024-09-15T15:32:31.028371
66.15,2024-09-15 15:32:30.061545,2024-09-15T15:32:32.030109
54.49,2024-09-15 15:32:33.063320,2024-09-15T15:32:34.031816
54.49,2024-09-15 15:32:33.063320,2024-09-15T15:32:35.032584
59.68,2024-09-15 15:32:36.065073,2024-09-15T15:32:37.034537
59.68,2024-09-15 15:32:36.065073,2024-09-15T15:32:38.036375
83.91,2024-09-15 15:32:39.066415,2024-09-15T15:32:40.046871
83.91,2024-09-15 15:32:39.066415,2024-09-15T15:32:41.056093
87.54,2024-09-15 15:32:42.067895,2024-09-15T15:32:43.059760
66.11,2024-09-15 15:32:45.069449,2024-09-15T15:32:45.069968
66.11,2024-09-15 15:32:45.069449,2024-09-15T15:32:46.079299
61.02,2024-09-15 15:32:48.071415,2024-09-15T15:32:48.089742
61.02,2024-09-15 15:32:48.071415,2024-09-15T15:32:49.100485
67.08,2024-09-15 15:32:51.073217,2024-09-15T15:32:51.111218
67.08,2024-09-15 15:32:51.073217,2024-09-15T15:32:52.122342
69.19,2024-09-15 15:32:54.075165,2024-09-15T15:32:54.125191
69.19,2024-09-15 15:32:54.075165,2024-09-15T15:32:55.127051
66.01,2024-09-15 15:32:57.076915,2024-09-15T15:32:57.137371
70.43,2024-09-15 15:33:00.078501,2024-09-15T15:33:00.407304
53.28,2024-09-15 18:50:56.375489,2024-09-15T18:50:56.416658
48.48,2024-09-15 18:50:57.144240,2024-09-15T18:50:57.419559
52.17,2024-09-15 18:50:59.377059,2024-09-15T18:50:59.421488
56.9,2024-09-15 18:51:00.145373,2024-09-15T18:51:00.423351
48.38,2024-09-15 18:51:02.378695,2024-09-15T18:51:02.433250
55.5,2024-09-15 18:51:03.147044,2024-09-15T18:51:03.435241
56.02,2024-09-15 18:51:05.380063,2024-09-15T18:51:05.437615
50.59,2024-09-15 18:51:06.148502,2024-09-15T18:51:06.447954
50.87,2024-09-15 18:51:08.381712,2024-09-15T18:51:08.457953
45.79,2024-09-15 18:51:09.150035,2024-09-15T18:51:09.459575
52.37,2024-09-15 18:51:11.383182,2024-09-15T18:51:11.470921
44.92,2024-09-15 18:51:12.151735,2024-09-15T18:51:12.472467
46.27,2024-09-15 18:51:14.384321,2024-09-15T18:51:14.482664
44.22,2024-09-15 18:51:15.152944,2024-09-15T18:51:15.484585
71.36,2024-09-15 18:51:17.385619,2024-09-15T18:51:17.494398
70.33,2024-09-15 18:51:18.154463,2024-09-15T18:51:18.504194
71.6,2024-09-15 18:51:20.387287,2024-09-15T18:51:20.514630
78.57,2024-09-15 18:51:21.156151,2024-09-15T18:51:21.525804
80.29,2024-09-15 18:51:24.157650,2024-09-15T18:51:24.665932
69.27,2024-09-15 18:51:27.159241,2024-09-15T18:51:27.675893
55.58,2024-09-15 18:51:30.160822,2024-09-15T18:51:30.686508
75.45,2024-09-15 18:51:33.162033,2024-09-15T18:51:33.688816
68.91,2024-09-15 18:51:36.163804,2024-09-15T18:51:36.691402
77.56,2024-09-15 18:51:39.164733,2024-09-15T18:51:39.257646
77.56,2024-09-15 18:51:39.164733,2024-09-15T18:51:40.259712
52.97,2024-09-15 18:51:42.166754,2024-09-15T18:51:42.262068
52.97,2024-09-15 18:51:42.166754,2024-09-15T18:51:43.271866
48.87,2024-09-15 20:59:03.598777,2024-09-15T20:59:04.762474
45.16,2024-09-15 20:59:06.600186,2024-09-15T20:59:06.766226
45.16,2024-09-15 20:59:06.600186,2024-09-15T20:59:07.775644
54.46,2024-09-15 20:59:09.601699,2024-09-15T20:59:09.785290
54.46,2024-09-15 20:59:09.601699,2024-09-15T20:59:10.794896
45.61,2024-09-15 20:59:12.603009,2024-09-15T20:59:12.805976
45.61,2024-09-15 20:59:12.603009,2024-09-15T20:59:13.807788
47.66,2024-09-15 20:59:15.604811,2024-09-15T20:59:15.818885
47.66,2024-09-15 20:59:15.604811,2024-09-15T20:59:16.829108
52.37,2024-09-15 20:59:18.606227,2024-09-15T20:59:18.838616
52.37,2024-09-15 20:59:18.606227,2024-09-15T20:59:19.848536
54.51,2024-09-15 20:59:21.608561,2024-09-15T20:59:21.858501
54.51,2024-09-15 20:59:21.608561,2024-09-15T20:59:22.868770
52.94,2024-09-15 20:59:24.610839,2024-09-15T20:59:24.879077
52.94,2024-09-15 20:59:24.610839,2024-09-15T20:59:25.888456
44.5,2024-09-15 20:59:27.613660,2024-09-15T20:59:27.899239
44.5,2024-09-15 20:59:27.613660,2024-09-15T20:59:28.901550
49.56,2024-09-15 20:59:30.615172,2024-09-15T20:59:30.911400
49.56,2024-09-15 20:59:30.615172,2024-09-15T20:59:31.920888
46.22,2024-09-15 20:59:33.617172,2024-09-15T20:59:33.924082
46.22,2024-09-15 20:59:33.617172,2024-09-15T20:59:34.934888
55.62,2024-09-15 20:59:36.619476,2024-09-15T20:59:36.937719
55.62,2024-09-15 20:59:36.619476,2024-09-15T20:59:37.948126
41.94,2024-09-15 20:59:39.621096,2024-09-15T20:59:39.958300
41.94,2024-09-15 20:59:39.621096,2024-09-15T20:59:40.961531
52.73,2024-09-15 20:59:42.622781,2024-09-15T20:59:42.971255
52.73,2024-09-15 20:59:42.622781,2024-09-15T20:59:43.996047
49.18,2024-09-15 20:59:45.624346,2024-09-15T20:59:45.998124
49.18,2024-09-15 20:59:45.624346,2024-09-15T20:59:47.008763
47.66,2024-09-15 20:59:48.625958,2024-09-15T20:59:49.011504
47.66,2024-09-15 20:59:48.625958,2024-09-15T20:59:50.022433
48.66,2024-09-15 20:59:51.627819,2024-09-15T20:59:52.033574
48.66,2024-09-15 20:59:51.627819,2024-09-15T20:59:53.043352
54.28,2024-09-15 20:59:54.629033,2024-09-15T20:59:55.053666
54.28,2024-09-15 20:59:54.629033,2024-09-15T20:59:56.055330
49.37,2024-09-15 20:59:57.631019,2024-09-15T20:59:58.058874
49.37,2024-09-15 20:59:57.631019,2024-09-15T20:59:59.068545
50.14,2024-09-15 21:00:00.632181,2024-09-15T21:00:01.078570
50.14,2024-09-15 21:00:00.632181,2024-09-15T21:00:02.087966
55.22,2024-09-15 21:00:03.633740,2024-09-15T21:00:04.099359
55.22,2024-09-15 21:00:03.633740,2024-09-15T21:00:05.101091
49.57,2024-09-15 21:00:06.635005,2024-09-15T21:00:07.112582
49.57,2024-09-15 21:00:06.635005,2024-09-15T21:00:08.114029
51.11,2024-09-15 21:00:09.636385,2024-09-15T21:00:10.124378
51.11,2024-09-15 21:00:09.636385,2024-09-15T21:00:11.126056
50.86,2024-09-15 21:00:12.638172,2024-09-15T21:00:13.128433
50.86,2024-09-15 21:00:12.638172,2024-09-15T21:00:14.130463
49.14,2024-09-15 21:00:15.639998,2024-09-15T21:00:16.132394
49.14,2024-09-15 21:00:15.639998,2024-09-15T21:00:17.142433
58.68,2024-09-15 21:00:18.642085,2024-09-15T21:00:19.144745
58.68,2024-09-15 21:00:18.642085,2024-09-15T21:00:20.153827
43.01,2024-09-15 21:00:21.643691,2024-09-15T21:00:22.156764
43.01,2024-09-15 21:00:21.643691,2024-09-15T21:00:23.167767
50.95,2024-09-15 21:00:24.645640,2024-09-15T21:00:25.178144
50.95,2024-09-15 21:00:24.645640,2024-09-15T21:00:26.180610
48.65,2024-09-15 21:00:27.647384,2024-09-15T21:00:28.190534
48.65,2024-09-15 21:00:27.647384,2024-09-15T21:00:29.200614
53.25,2024-09-15 21:00:30.648444,2024-09-15T21:00:31.202129
53.25,2024-09-15 21:00:30.648444,2024-09-15T21:00:32.211867
61.12,2024-09-15 21:00:33.650280,2024-09-15T21:00:34.222699
61.12,2024-09-15 21:00:33.650280,2024-09-15T21:00:35.232507
55.59,2024-09-15 21:00:36.651667,2024-09-15T21:00:37.241876
55.59,2024-09-15 21:00:36.651667,2024-09-15T21:00:38.244225
50.42,2024-09-15 21:00:39.653261,2024-09-15T21:00:40.254794
50.42,2024-09-15 21:00:39.653261,2024-09-15T21:00:41.265040
51.92,2024-09-15 21:00:42.654564,2024-09-15T21:00:43.276440
51.92,2024-09-15 21:00:42.654564,2024-09-15T21:00:44.278472
52.64,2024-09-15 21:00:45.656469,2024-09-15T21:00:46.299885
52.64,2024-09-15 21:00:45.656469,2024-09-15T21:00:47.314469
53.74,2024-09-15 21:00:48.657964,2024-09-15T21:00:49.324569
53.74,2024-09-15 21:00:48.657964,2024-09-15T21:00:50.333667
43.95,2024-09-15 21:00:51.659607,2024-09-15T21:00:52.335687
43.95,2024-09-15 21:00:51.659607,2024-09-15T21:00:53.345826
59.29,2024-09-15 21:00:54.661560,2024-09-15T21:00:55.356285
59.29,2024-09-15 21:00:54.661560,2024-09-15T21:00:56.366360
44.66,2024-09-15 21:00:57.662646,2024-09-15T21:00:58.367986
44.66,2024-09-15 21:00:57.662646,2024-09-15T21:00:59.377188
49.48,2024-09-15 21:01:00.664337,2024-09-15T21:01:01.387657
49.48,2024-09-15 21:01:00.664337,2024-09-15T21:01:02.397791
55.09,2024-09-15 21:01:03.666347,2024-09-15T21:01:04.407760
55.09,2024-09-15 21:01:03.666347,2024-09-15T21:01:05.417315
46.81,2024-09-15 21:01:06.667858,2024-09-15T21:01:07.427800
46.81,2024-09-15 21:01:06.667858,2024-09-15T21:01:08.429508
57.99,2024-09-15 21:01:09.669697,2024-09-15T21:01:10.441072
57.99,2024-09-15 21:01:09.669697,2024-09-15T21:01:11.450878
62.14,2024-09-15 22:39:50.733631,2024-09-15T22:39:51.955300
44.26,2024-09-15 22:39:53.735381,2024-09-15T22:39:53.966737
44.26,2024-09-15 22:39:53.735381,2024-09-15T22:39:54.976398
59.55,2024-09-15 22:39:56.737353,2024-09-15T22:39:56.987124
59.55,2024-09-15 22:39:56.737353,2024-09-15T22:39:57.988726
50.44,2024-09-15 22:39:59.738590,2024-09-15T22:40:00.000033
50.44,2024-09-15 22:39:59.738590,2024-09-15T22:40:01.010065
44.59,2024-09-15 22:40:07.425780,2024-09-15T22:40:08.022377
44.59,2024-09-15 22:40:07.425780,2024-09-15T22:40:09.024809
59.86,2024-09-15 22:40:10.427912,2024-09-15T22:40:11.035455
59.86,2024-09-15 22:40:10.427912,2024-09-15T22:40:12.045096
52.66,2024-09-15 22:47:33.155316,2024-09-15T22:47:33.261165
52.66,2024-09-15 22:47:33.155316,2024-09-15T22:47:34.263609
48.65,2024-09-15 22:49:48.353825,2024-09-15T22:49:49.483305
49.49,2024-09-15 22:49:51.355909,2024-09-15T22:49:51.486060
49.49,2024-09-15 22:49:51.355909,2024-09-15T22:49:52.496497
39.55,2024-09-15 22:49:54.357343,2024-09-15T22:49:54.498300
39.55,2024-09-15 22:49:54.357343,2024-09-15T22:49:55.507715
54.64,2024-09-15 22:49:57.358929,2024-09-15T22:49:57.517857
54.64,2024-09-15 22:49:57.358929,2024-09-15T22:49:58.519330
46.64,2024-09-15 22:50:00.360715,2024-09-15T22:50:00.521530
46.64,2024-09-15 22:50:00.360715,2024-09-15T22:50:01.523538
49.5,2024-09-15 22:50:03.362424,2024-09-15T22:50:03.526085
49.5,2024-09-15 22:50:03.362424,2024-09-15T22:50:04.534779
42.11,2024-09-15 22:50:06.363663,2024-09-15T22:50:06.536326
42.11,2024-09-15 22:50:06.363663,2024-09-15T22:50:07.546098
56.76,2024-09-15 22:50:09.365075,2024-09-15T22:50:09.556880
56.76,2024-09-15 22:50:09.365075,2024-09-15T22:50:10.567046
51.46,2024-09-15 22:50:12.366511,2024-09-15T22:50:12.576526
51.46,2024-09-15 22:50:12.366511,2024-09-15T22:50:13.586967
52.17,2024-09-15 22:50:15.368083,2024-09-15T22:50:15.597448
52.17,2024-09-15 22:50:15.368083,2024-09-15T22:50:16.608480
53.11,2024-09-15 22:50:18.369501,2024-09-15T22:50:18.611989
53.11,2024-09-15 22:50:18.369501,2024-09-15T22:50:19.622918
47.39,2024-09-15 22:50:21.370877,2024-09-15T22:50:21.625825
47.39,2024-09-15 22:50:21.370877,2024-09-15T22:50:22.635335
49.97,2024-09-15 22:50:24.371971,2024-09-15T22:50:24.645212
49.97,2024-09-15 22:50:24.371971,2024-09-15T22:50:25.647081
43.87,2024-09-15 22:50:27.373665,2024-09-15T22:50:27.656489
43.87,2024-09-15 22:50:27.373665,2024-09-15T22:50:28.667044
42.42,2024-09-15 22:50:30.375349,2024-09-15T22:50:30.671202
42.42,2024-09-15 22:50:30.375349,2024-09-15T22:50:31.681398
48.49,2024-09-15 22:50:33.377192,2024-09-15T22:50:33.691504
48.49,2024-09-15 22:50:33.377192,2024-09-15T22:50:34.701951
53.64,2024-09-15 22:50:36.379085,2024-09-15T22:50:36.712956
53.64,2024-09-15 22:50:36.379085,2024-09-15T22:50:37.723255
46.08,2024-09-15 22:50:39.380600,2024-09-15T22:50:39.725915
46.08,2024-09-15 22:50:39.380600,2024-09-15T22:50:40.727901
52.94,2024-09-15 22:50:42.381868,2024-09-15T22:50:42.737890
52.94,2024-09-15 22:50:42.381868,2024-09-15T22:50:43.748021
53.98,2024-09-15 22:50:45.383161,2024-09-15T22:50:45.749213
53.98,2024-09-15 22:50:45.383161,2024-09-15T22:50:46.759926
51.59,2024-09-15 22:50:48.384608,2024-09-15T22:50:48.770019
51.59,2024-09-15 22:50:48.384608,2024-09-15T22:50:49.780375
51.65,2024-09-15 22:50:51.386419,2024-09-15T22:50:51.790939
51.65,2024-09-15 22:50:51.386419,2024-09-15T22:50:52.800462
44.25,2024-09-15 22:50:54.388059,2024-09-15T22:50:54.802981
44.25,2024-09-15 22:50:54.388059,2024-09-15T22:50:55.804640
52.86,2024-09-15 22:50:57.389406,2024-09-15T22:50:57.816381
52.86,2024-09-15 22:50:57.389406,2024-09-15T22:50:58.818364
43.44,2024-09-15 22:51:00.390475,2024-09-15T22:51:00.821289
43.44,2024-09-15 22:51:00.390475,2024-09-15T22:51:01.830997
43.25,2024-09-15 22:51:03.393272,2024-09-15T22:51:03.840839
43.25,2024-09-15 22:51:03.393272,2024-09-15T22:51:04.850584
51.13,2024-09-15 22:51:06.394857,2024-09-15T22:51:06.852825
51.13,2024-09-15 22:51:06.394857,2024-09-15T22:51:07.862772
43.82,2024-09-15 22:51:09.395874,2024-09-15T22:51:09.872712
43.82,2024-09-15 22:51:09.395874,2024-09-15T22:51:10.882554
54.66,2024-09-15 22:51:12.397364,2024-09-15T22:51:12.892078
54.66,2024-09-15 22:51:12.397364,2024-09-15T22:51:13.901609
51.08,2024-09-15 22:51:15.399633,2024-09-15T22:51:15.904429
51.08,2024-09-15 22:51:15.399633,2024-09-15T22:51:16.915047
52.87,2024-09-15 22:51:18.401106,2024-09-15T22:51:18.925015
52.87,2024-09-15 22:51:18.401106,2024-09-15T22:51:19.935534
55.65,2024-09-15 22:51:21.402896,2024-09-15T22:51:21.944918
55.65,2024-09-15 22:51:21.402896,2024-09-15T22:51:22.947174
51.6,2024-09-15 22:51:24.404489,2024-09-15T22:51:24.956906
51.6,2024-09-15 22:51:24.404489,2024-09-15T22:51:25.958894
52.25,2024-09-15 22:51:27.406041,2024-09-15T22:51:27.969318
52.25,2024-09-15 22:51:27.406041,2024-09-15T22:51:28.979093
43.11,2024-09-15 22:51:30.407381,2024-09-15T22:51:30.990341
43.11,2024-09-15 22:51:30.407381,2024-09-15T22:51:32.001148
46.21,2024-09-15 22:51:33.408434,2024-09-15T22:51:34.011622
46.21,2024-09-15 22:51:33.408434,2024-09-15T22:51:35.021442
56.7,2024-09-15 22:51:36.409510,2024-09-15T22:51:37.031775
56.7,2024-09-15 22:51:36.409510,2024-09-15T22:51:38.033182
45.08,2024-09-15 22:51:39.410345,2024-09-15T22:51:40.043479
45.08,2024-09-15 22:51:39.410345,2024-09-15T22:51:41.052930
47.22,2024-09-15 22:51:42.411679,2024-09-15T22:51:43.056009
47.22,2024-09-15 22:51:42.411679,2024-09-15T22:51:44.065742
48.02,2024-09-15 22:51:45.413324,2024-09-15T22:51:46.076401
48.02,2024-09-15 22:51:45.413324,2024-09-15T22:51:47.087414
54.48,2024-09-15 22:51:48.414807,2024-09-15T22:51:49.098343
54.48,2024-09-15 22:51:48.414807,2024-09-15T22:51:50.108026
50.25,2024-09-15 22:51:51.416463,2024-09-15T22:51:52.117338
50.25,2024-09-15 22:51:51.416463,2024-09-15T22:51:53.128584
53.46,2024-09-15 22:51:54.418090,2024-09-15T22:51:55.139480
53.46,2024-09-15 22:51:54.418090,2024-09-15T22:51:56.148254
40.8,2024-09-15 22:51:57.419767,2024-09-15T22:51:58.151253
40.8,2024-09-15 22:51:57.419767,2024-09-15T22:51:59.161099
55.08,2024-09-15 22:52:00.421388,2024-09-15T22:52:01.171102
55.08,2024-09-15 22:52:00.421388,2024-09-15T22:52:02.181976
59.05,2024-09-15 22:52:03.422850,2024-09-15T22:52:04.192939
59.05,2024-09-15 22:52:03.422850,2024-09-15T22:52:05.195263
50.94,2024-09-15 22:52:06.424544,2024-09-15T22:52:07.206400
50.94,2024-09-15 22:52:06.424544,2024-09-15T22:52:08.208620
49.19,2024-09-15 22:52:09.426312,2024-09-15T22:52:10.219286
49.19,2024-09-15 22:52:09.426312,2024-09-15T22:52:11.230716
48.81,2024-09-15 22:52:12.427903,2024-09-15T22:52:13.241550
48.81,2024-09-15 22:52:12.427903,2024-09-15T22:52:14.251306
47.75,2024-09-15 22:52:15.429408,2024-09-15T22:52:16.267330
47.75,2024-09-15 22:52:15.429408,2024-09-15T22:52:17.300908
44.25,2024-09-15 22:52:18.431140,2024-09-15T22:52:19.311089
44.25,2024-09-15 22:52:18.431140,2024-09-15T22:52:20.313241
59.17,2024-09-15 22:52:21.433030,2024-09-15T22:52:22.323963
59.17,2024-09-15 22:52:21.433030,2024-09-15T22:52:23.333695
50.05,2024-09-15 22:52:24.434373,2024-09-15T22:52:25.336411
52.27,2024-09-15 22:52:54.450739,2024-09-15T22:52:54.752605
52.27,2024-09-15 22:52:54.450739,2024-09-15T22:52:55.754836
48.06,2024-09-15 22:52:57.452036,2024-09-15T22:52:57.765848
48.06,2024-09-15 22:52:57.452036,2024-09-15T22:52:58.774951
63.33,2024-09-15 22:53:00.453824,2024-09-15T22:53:00.777820
63.33,2024-09-15 22:53:00.453824,2024-09-15T22:53:01.788594
53.3,2024-09-15 22:53:03.455151,2024-09-15T22:53:03.797617
53.3,2024-09-15 22:53:03.455151,2024-09-15T22:53:04.817955
50.75,2024-09-15 22:53:06.456639,2024-09-15T22:53:06.829693
50.75,2024-09-15 22:53:06.456639,2024-09-15T22:53:07.835274
43.51,2024-09-15 22:53:09.458579,2024-09-15T22:53:09.846251
43.51,2024-09-15 22:53:09.458579,2024-09-15T22:53:10.856933
47.08,2024-09-15 22:53:12.460914,2024-09-15T22:53:12.867329
47.08,2024-09-15 22:53:12.460914,2024-09-15T22:53:13.878654
47.48,2024-09-15 22:53:15.463039,2024-09-15T22:53:15.889694
47.48,2024-09-15 22:53:15.463039,2024-09-15T22:53:16.900514
43.08,2024-09-15 22:53:18.464723,2024-09-15T22:53:18.910902
43.08,2024-09-15 22:53:18.464723,2024-09-15T22:53:19.920791
54.72,2024-09-15 22:53:21.473822,2024-09-15T22:53:21.932204
54.72,2024-09-15 22:53:21.473822,2024-09-15T22:53:22.934536
61.74,2024-09-15 22:53:24.475582,2024-09-15T22:53:24.945134
61.74,2024-09-15 22:53:24.475582,2024-09-15T22:53:25.955014
51.15,2024-09-15 22:53:27.477275,2024-09-15T22:53:27.957274
51.15,2024-09-15 22:53:27.477275,2024-09-15T22:53:28.967646
46.05,2024-09-15 22:53:30.478945,2024-09-15T22:53:30.978370
46.05,2024-09-15 22:53:30.478945,2024-09-15T22:53:31.979910
43.56,2024-09-15 22:53:33.480876,2024-09-15T22:53:33.982626
43.56,2024-09-15 22:53:33.480876,2024-09-15T22:53:34.992534
52.5,2024-09-15 22:53:36.482699,2024-09-15T22:53:37.002689
52.5,2024-09-15 22:53:36.482699,2024-09-15T22:53:38.004532
56.34,2024-09-15 22:53:39.484407,2024-09-15T22:53:40.006563
56.34,2024-09-15 22:53:39.484407,2024-09-15T22:53:41.017157
32.97,2024-09-16 23:53:44.913941,2024-09-16T23:53:46.573832
53.02,2024-09-16 23:53:47.915859,2024-09-16T23:53:48.588734
53.02,2024-09-16 23:53:47.915859,2024-09-16T23:53:49.598434
57.09,2024-09-16 23:53:50.917444,2024-09-16T23:53:51.608625
57.09,2024-09-16 23:53:50.917444,2024-09-16T23:53:52.610917
51.73,2024-09-16 23:53:53.918794,2024-09-16T23:53:54.622105
51.73,2024-09-16 23:53:53.918794,2024-09-16T23:53:55.648095
47.55,2024-09-16 23:53:56.920015,2024-09-16T23:53:57.650020
47.55,2024-09-16 23:53:56.920015,2024-09-16T23:53:58.659557
52.73,2024-09-16 23:54:05.925228,2024-09-16T23:54:07.118505
47.87,2024-09-16 23:54:08.926307,2024-09-16T23:54:09.128703
47.87,2024-09-16 23:54:08.926307,2024-09-16T23:54:10.130777
53.9,2024-09-16 23:54:11.928063,2024-09-16T23:54:12.141739
53.9,2024-09-16 23:54:11.928063,2024-09-16T23:54:13.143810
46.57,2024-09-16 23:54:14.929669,2024-09-16T23:54:15.153291
46.57,2024-09-16 23:54:14.929669,2024-09-16T23:54:16.163621
45.3,2024-09-16 23:54:17.930754,2024-09-16T23:54:18.165892
45.3,2024-09-16 23:54:17.930754,2024-09-16T23:54:19.176561
43.73,2024-09-16 23:54:20.932191,2024-09-16T23:54:21.187783
43.73,2024-09-16 23:54:20.932191,2024-09-16T23:54:22.197570
53.53,2024-09-16 23:54:23.933562,2024-09-16T23:54:24.207076
53.53,2024-09-16 23:54:23.933562,2024-09-16T23:54:25.209025
42.87,2024-09-16 23:54:26.934962,2024-09-16T23:54:27.219341
42.87,2024-09-16 23:54:26.934962,2024-09-16T23:54:28.229339
46.61,2024-09-16 23:54:29.936165,2024-09-16T23:54:30.239221
46.61,2024-09-16 23:54:29.936165,2024-09-16T23:54:31.249054
51.56,2024-09-16 23:54:32.937530,2024-09-16T23:54:33.250927
51.56,2024-09-16 23:54:32.937530,2024-09-16T23:54:34.260691
46.39,2024-09-16 23:54:35.632104,2024-09-16T23:54:36.271641
46.39,2024-09-16 23:54:35.632104,2024-09-16T23:54:37.280560
49.12,2024-09-16 23:54:38.633043,2024-09-16T23:54:39.289730
49.12,2024-09-16 23:54:38.633043,2024-09-16T23:54:40.291478
55.0,2024-09-16 23:54:41.634105,2024-09-16T23:54:42.301022
55.0,2024-09-16 23:54:41.634105,2024-09-16T23:54:43.310915
44.13,2024-09-16 23:54:44.635326,2024-09-16T23:54:45.321856
44.13,2024-09-16 23:54:44.635326,2024-09-16T23:54:46.331651
56.47,2024-09-16 23:54:47.637328,2024-09-16T23:54:48.341761
56.47,2024-09-16 23:54:47.637328,2024-09-16T23:54:49.352269
61.8,2024-09-16 23:54:50.638741,2024-09-16T23:54:51.362581
61.8,2024-09-16 23:54:50.638741,2024-09-16T23:54:52.365724
55.15,2024-09-16 23:54:53.640021,2024-09-16T23:54:54.376470
55.15,2024-09-16 23:54:53.640021,2024-09-16T23:54:55.378468
55.43,2024-09-16 23:54:56.640941,2024-09-16T23:54:57.389662
55.43,2024-09-16 23:54:56.640941,2024-09-16T23:54:58.400173
42.78,2024-09-16 23:54:59.643014,2024-09-16T23:55:00.401964
42.78,2024-09-16 23:54:59.643014,2024-09-16T23:55:01.412834
55.53,2024-09-16 23:55:02.644764,2024-09-16T23:55:03.422579
55.53,2024-09-16 23:55:02.644764,2024-09-16T23:55:04.432781
51.89,2024-09-16 23:55:05.646167,2024-09-16T23:55:06.435016
51.89,2024-09-16 23:55:05.646167,2024-09-16T23:55:07.444168
47.05,2024-09-16 23:55:08.647602,2024-09-16T23:55:09.454429
47.05,2024-09-16 23:55:08.647602,2024-09-16T23:55:10.456501
53.27,2024-09-16 23:55:11.648939,2024-09-16T23:55:12.466646
53.27,2024-09-16 23:55:11.648939,2024-09-16T23:55:13.476090
46.3,2024-09-16 23:55:14.650087,2024-09-16T23:55:15.478528
46.3,2024-09-16 23:55:14.650087,2024-09-16T23:55:16.488131
52.05,2024-09-16 23:55:17.651795,2024-09-16T23:55:18.497740
52.05,2024-09-16 23:55:17.651795,2024-09-16T23:55:19.506724
46.32,2024-09-16 23:55:20.653387,2024-09-16T23:55:21.508656
46.32,2024-09-16 23:55:20.653387,2024-09-16T23:55:22.517219
54.03,2024-09-16 23:55:23.655238,2024-09-16T23:55:24.527025
54.03,2024-09-16 23:55:23.655238,2024-09-16T23:55:25.536679
40.47,2024-09-16 23:55:26.656581,2024-09-16T23:55:27.538783
40.47,2024-09-16 23:55:26.656581,2024-09-16T23:55:28.549072
52.08,2024-09-16 23:55:29.657811,2024-09-16T23:55:30.559551
52.08,2024-09-16 23:55:29.657811,2024-09-16T23:55:31.570159
52.5,2024-09-16 23:55:32.658849,2024-09-16T23:55:33.580944
52.5,2024-09-16 23:55:32.658849,2024-09-16T23:55:34.590267
48.14,2024-09-16 23:55:35.660278,2024-09-16T23:55:36.600535
48.14,2024-09-16 23:55:35.660278,2024-09-16T23:55:37.604447
44.19,2024-09-16 23:55:38.661382,2024-09-16T23:55:39.606458
44.19,2024-09-16 23:55:38.661382,2024-09-16T23:55:40.615653
51.02,2024-09-16 23:55:41.662723,2024-09-16T23:55:42.617493
51.02,2024-09-16 23:55:41.662723,2024-09-16T23:55:43.627553
46.3,2024-09-16 23:55:44.664268,2024-09-16T23:55:45.638447
46.3,2024-09-16 23:55:44.664268,2024-09-16T23:55:46.639657
46.26,2024-09-16 23:55:47.665803,2024-09-16T23:55:48.649451
46.26,2024-09-16 23:55:47.665803,2024-09-16T23:55:49.658224
56.64,2024-09-16 23:55:50.666886,2024-09-16T23:55:50.667409
56.64,2024-09-16 23:55:50.666886,2024-09-16T23:55:51.677389
55.73,2024-09-16 23:55:53.668400,2024-09-16T23:55:53.679336
55.73,2024-09-16 23:55:53.668400,2024-09-16T23:55:54.681059
55.33,2024-09-17 00:05:01.080023,2024-09-17T00:05:02.238890
53.26,2024-09-17 00:05:04.081631,2024-09-17T00:05:04.241636
53.26,2024-09-17 00:05:04.081631,2024-09-17T00:05:05.243608
46.74,2024-09-17 00:05:07.082944,2024-09-17T00:05:07.253059
46.74,2024-09-17 00:05:07.082944,2024-09-17T00:05:08.254600
40.9,2024-09-17 00:05:10.084272,2024-09-17T00:05:10.264451
40.9,2024-09-17 00:05:10.084272,2024-09-17T00:05:11.273537
45.6,2024-09-17 00:05:13.104860,2024-09-17T00:05:13.284746
45.6,2024-09-17 00:05:13.104860,2024-09-17T00:05:14.286786
48.8,2024-09-17 00:05:16.105795,2024-09-17T00:05:16.296946
48.8,2024-09-17 00:05:16.105795,2024-09-17T00:05:17.307470
57.51,2024-09-17 00:05:19.107542,2024-09-17T00:05:19.309130
57.51,2024-09-17 00:05:19.107542,2024-09-17T00:05:20.319383
47.85,2024-09-17 00:05:22.109051,2024-09-17T00:05:22.330688
47.85,2024-09-17 00:05:22.109051,2024-09-17T00:05:23.339895
52.14,2024-09-17 00:05:25.110446,2024-09-17T00:05:25.350849
52.14,2024-09-17 00:05:25.110446,2024-09-17T00:05:26.361082
57.97,2024-09-17 00:05:28.111997,2024-09-17T00:05:28.371678
57.97,2024-09-17 00:05:28.111997,2024-09-17T00:05:29.373910
46.25,2024-09-17 00:05:31.113183,2024-09-17T00:05:31.384668
46.25,2024-09-17 00:05:31.113183,2024-09-17T00:05:32.395422
48.76,2024-09-17 00:05:34.114500,2024-09-17T00:05:34.397412
48.76,2024-09-17 00:05:34.114500,2024-09-17T00:05:35.408201
43.86,2024-09-17 00:05:37.115910,2024-09-17T00:05:37.417702
43.86,2024-09-17 00:05:37.115910,2024-09-17T00:05:38.428147
57.91,2024-09-17 00:05:40.117287,2024-09-17T00:05:40.437649
57.91,2024-09-17 00:05:40.117287,2024-09-17T00:05:41.447512
46.95,2024-09-17 00:05:43.118969,2024-09-17T00:05:43.457676
46.95,2024-09-17 00:05:43.118969,2024-09-17T00:05:44.466886
54.2,2024-09-17 00:05:46.120377,2024-09-17T00:05:46.477096
54.2,2024-09-17 00:05:46.120377,2024-09-17T00:05:47.486616
44.43,2024-09-17 00:05:49.122039,2024-09-17T00:05:49.496381
44.43,2024-09-17 00:05:49.122039,2024-09-17T00:05:50.505945
46.08,2024-09-17 00:05:52.123809,2024-09-17T00:05:52.515224
46.08,2024-09-17 00:05:52.123809,2024-09-17T00:05:53.524716
47.61,2024-09-17 00:05:55.125521,2024-09-17T00:05:55.534360
47.61,2024-09-17 00:05:55.125521,2024-09-17T00:05:56.536049
49.61,2024-09-17 00:05:58.127741,2024-09-17T00:05:58.538389
49.61,2024-09-17 00:05:58.127741,2024-09-17T00:05:59.547746
49.89,2024-09-17 00:06:01.129687,2024-09-17T00:06:01.550013
49.89,2024-09-17 00:06:01.129687,2024-09-17T00:06:02.560090
53.98,2024-09-17 00:06:04.131110,2024-09-17T00:06:04.571172
53.98,2024-09-17 00:06:04.131110,2024-09-17T00:06:05.580207
48.96,2024-09-17 00:06:07.132963,2024-09-17T00:06:07.590539
48.96,2024-09-17 00:06:07.132963,2024-09-17T00:06:08.599615
52.69,2024-09-17 00:06:10.134585,2024-09-17T00:06:10.610425
52.69,2024-09-17 00:06:10.134585,2024-09-17T00:06:11.612084
50.66,2024-09-17 00:06:13.136320,2024-09-17T00:06:13.622090
50.66,2024-09-17 00:06:13.136320,2024-09-17T00:06:14.632889
50.24,2024-09-17 00:06:16.137721,2024-09-17T00:06:16.635594
50.24,2024-09-17 00:06:16.137721,2024-09-17T00:06:17.645477
62.8,2024-09-17 00:06:19.139309,2024-09-17T00:06:19.655279
62.8,2024-09-17 00:06:19.139309,2024-09-17T00:06:20.665164
44.32,2024-09-17 00:06:22.141231,2024-09-17T00:06:22.676072
44.32,2024-09-17 00:06:22.141231,2024-09-17T00:06:23.685334
51.08,2024-09-17 00:06:25.142872,2024-09-17T00:06:25.695950
51.08,2024-09-17 00:06:25.142872,2024-09-17T00:06:26.704924
46.71,2024-09-17 00:06:28.144145,2024-09-17T00:06:28.707455
46.71,2024-09-17 00:06:28.144145,2024-09-17T00:06:29.717763
47.89,2024-09-17 00:06:31.145890,2024-09-17T00:06:31.720399
47.89,2024-09-17 00:06:31.145890,2024-09-17T00:06:32.729163
70.82,2024-09-17 00:24:12.668550,2024-09-17T00:24:13.578486
59.98,2024-09-17 00:24:15.669746,2024-09-17T00:24:16.590039
60.52,2024-09-17 00:24:18.671328,2024-09-17T00:24:19.601049
69.97,2024-09-17 00:24:21.673204,2024-09-17T00:24:22.608753
75.61,2024-09-17 00:24:24.674623,2024-09-17T00:24:25.619171
66.28,2024-09-17 00:24:27.676388,2024-09-17T00:24:28.629225
49.51,2024-09-17 00:24:30.678250,2024-09-17T00:24:31.639829
70.34,2024-09-17 00:24:33.679845,2024-09-17T00:24:34.642384
61.42,2024-09-17 00:24:36.681629,2024-09-17T00:24:37.645148
79.91,2024-09-17 00:24:39.683498,2024-09-17T00:24:40.655011
58.13,2024-09-17 00:24:42.685268,2024-09-17T00:24:43.665890
71.5,2024-09-17 00:24:45.686344,2024-09-17T00:24:46.676790
76.54,2024-09-17 00:24:48.687658,2024-09-17T00:24:49.687227
69.87,2024-09-17 00:24:51.689503,2024-09-17T00:24:52.690053
42.89,2024-09-17 01:25:32.354592,2024-09-17T01:25:32.519132
42.89,2024-09-17 01:25:32.354592,2024-09-17T01:25:33.527444
51.69,2024-09-17 01:25:35.357080,2024-09-17T01:25:35.532198
51.69,2024-09-17 01:25:35.357080,2024-09-17T01:25:36.545130
48.4,2024-09-17 01:25:38.359764,2024-09-17T01:25:38.557055
48.4,2024-09-17 01:25:38.359764,2024-09-17T01:25:39.570264
48.84,2024-09-17 01:25:41.361514,2024-09-17T01:25:41.582279
48.84,2024-09-17 01:25:41.361514,2024-09-17T01:25:42.591781
47.12,2024-09-17 01:25:44.363948,2024-09-17T01:25:44.597914
47.12,2024-09-17 01:25:44.363948,2024-09-17T01:25:45.601970
51.63,2024-09-17 01:25:47.366486,2024-09-17T01:25:47.616203
51.63,2024-09-17 01:25:47.366486,2024-09-17T01:25:48.619910
44.33,2024-09-17 01:25:50.368719,2024-09-17T01:25:50.634213
44.33,2024-09-17 01:25:50.368719,2024-09-17T01:25:51.646468
46.49,2024-09-17 01:25:53.371162,2024-09-17T01:25:53.651282
46.49,2024-09-17 01:25:53.371162,2024-09-17T01:25:54.663163
55.33,2024-09-17 01:25:56.373834,2024-09-17T01:25:56.669382
55.33,2024-09-17 01:25:56.373834,2024-09-17T01:25:57.678514
49.24,2024-09-17 01:30:09.545889,2024-09-17T01:30:11.404456
42.05,2024-09-17 01:30:12.547583,2024-09-17T01:30:13.421730
42.05,2024-09-17 01:30:12.547583,2024-09-17T01:30:14.425151
50.43,2024-09-17 01:30:15.550215,2024-09-17T01:30:16.438074
50.43,2024-09-17 01:30:15.550215,2024-09-17T01:30:17.442068
55.84,2024-09-17 01:30:18.552927,2024-09-17T01:30:19.447483
55.84,2024-09-17 01:30:18.552927,2024-09-17T01:30:20.459321
48.18,2024-09-17 01:30:21.555135,2024-09-17T01:30:22.463713
48.18,2024-09-17 01:30:21.555135,2024-09-17T01:30:23.469520
50.02,2024-09-17 01:30:24.557567,2024-09-17T01:30:25.474278
50.02,2024-09-17 01:30:24.557567,2024-09-17T01:30:26.477818
53.08,2024-09-17 01:30:27.560101,2024-09-17T01:30:28.482550
53.08,2024-09-17 01:30:27.560101,2024-09-17T01:30:29.486586
51.3,2024-09-17 01:30:30.562465,2024-09-17T01:30:31.491792
51.3,2024-09-17 01:30:30.562465,2024-09-17T01:30:32.495565
49.74,2024-09-17 01:30:33.565099,2024-09-17T01:30:34.500728
49.74,2024-09-17 01:30:33.565099,2024-09-17T01:30:35.511965
50.98,2024-09-17 01:30:36.567642,2024-09-17T01:30:37.517561
50.98,2024-09-17 01:30:36.567642,2024-09-17T01:30:38.521466
50.34,2024-09-17 01:30:39.569901,2024-09-17T01:30:40.526197
50.34,2024-09-17 01:30:39.569901,2024-09-17T01:30:41.529440
52.33,2024-09-17 01:30:42.570636,2024-09-17T01:30:43.534035
52.33,2024-09-17 01:30:42.570636,2024-09-17T01:30:44.537711
55.7,2024-09-17 01:30:45.573323,2024-09-17T01:30:46.551379
55.7,2024-09-17 01:30:45.573323,2024-09-17T01:30:47.555450
50.88,2024-09-17 01:30:48.576096,2024-09-17T01:30:49.560270
50.88,2024-09-17 01:30:48.576096,2024-09-17T01:30:50.572650
47.95,2024-09-17 01:30:51.578379,2024-09-17T01:30:52.576968
51.13,2024-09-17 01:30:54.580577,2024-09-17T01:30:54.581132
51.13,2024-09-17 01:30:54.580577,2024-09-17T01:30:55.588342
40.3,2024-09-17 01:30:57.583416,2024-09-17T01:30:57.593182
40.3,2024-09-17 01:30:57.583416,2024-09-17T01:30:58.605198
44.21,2024-09-17 01:31:00.585744,2024-09-17T01:31:00.617743
44.21,2024-09-17 01:31:00.585744,2024-09-17T01:31:01.629219
47.98,2024-09-17 01:31:03.588223,2024-09-17T01:31:03.642097
47.98,2024-09-17 01:31:03.588223,2024-09-17T01:31:04.653513
36.5,2024-09-17 01:31:06.590726,2024-09-17T01:31:06.678945
36.5,2024-09-17 01:31:06.590726,2024-09-17T01:31:07.691417
58.37,2024-09-17 01:31:09.593818,2024-09-17T01:31:09.695587
58.37,2024-09-17 01:31:09.593818,2024-09-17T01:31:10.707172
51.76,2024-09-17 01:31:12.595158,2024-09-17T01:31:12.712066
51.76,2024-09-17 01:31:12.595158,2024-09-17T01:31:13.716638
44.07,2024-09-17 01:31:15.597678,2024-09-17T01:31:15.729194
44.07,2024-09-17 01:31:15.597678,2024-09-17T01:31:16.741349
60.1,2024-09-17 01:31:18.600554,2024-09-17T01:31:18.753745
60.1,2024-09-17 01:31:18.600554,2024-09-17T01:31:19.756571
50.78,2024-09-17 01:31:21.602675,2024-09-17T01:31:21.765114
50.78,2024-09-17 01:31:21.602675,2024-09-17T01:31:22.776023
52.43,2024-09-17 01:31:24.605101,2024-09-17T01:31:24.781927
52.43,2024-09-17 01:31:24.605101,2024-09-17T01:31:25.793502
39.6,2024-09-17 01:31:27.607320,2024-09-17T01:31:27.798883
39.6,2024-09-17 01:31:27.607320,2024-09-17T01:31:28.811037
47.83,2024-09-17 01:31:30.609821,2024-09-17T01:31:30.823664
47.83,2024-09-17 01:31:30.609821,2024-09-17T01:31:31.834850
48.88,2024-09-17 01:31:33.612502,2024-09-17T01:31:33.846889
48.88,2024-09-17 01:31:33.612502,2024-09-17T01:31:34.850727
52.83,2024-09-17 01:31:36.615159,2024-09-17T01:31:36.863340
52.83,2024-09-17 01:31:36.615159,2024-09-17T01:31:37.867625
52.83,2024-09-17 01:31:36.615159,2024-09-17T01:32:40.072905
52.83,2024-09-17 01:31:36.615159,2024-09-17T01:32:41.080055
